Myanmar,Laputta,Laputta,Ah Mat,Ah Mat
Myanmar,Laputta,Laputta,Ah Mat,Kyun Kwin
Myanmar,Laputta,Laputta,Ah Mat,Khar Chin Kwin
Myanmar,Laputta,Laputta,Ah Mat,Kyun Kwin Myit Poe Su
Myanmar,Laputta,Laputta,Ah Mat,Kyun Kwin Paik Tan Su
Myanmar,Laputta,Laputta,Ah Mat,Myat Khaing
Myanmar,Laputta,Laputta,Ah Mat,Phone Soe Kwin
Myanmar,Laputta,Laputta,Ah Mat,Myit Pauk Kwin
Myanmar,Laputta,Laputta,Baing Daunt Chaung,Baing Daunt Chaung
Myanmar,Laputta,Laputta,Baing Daunt Chaung,Kone Gyi
Myanmar,Laputta,Laputta,Baing Daunt Chaung,Bo Kone
Myanmar,Laputta,Laputta,Baing Daunt Chaung,Ka Dan Gyi
Myanmar,Laputta,Laputta,Baing Daunt Chaung,Ma Gyi Chaung
Myanmar,Laputta,Laputta,Baing Daunt Chaung,Phoe Htone
Myanmar,Laputta,Laputta,Baing Daunt Chaung,Myauk Let Kone
Myanmar,Laputta,Laputta,Baing Daunt Chaung,Hnar Khaung Pauk
Myanmar,Laputta,Laputta,Baing Daunt Chaung,Chit Tee Kone
Myanmar,Laputta,Laputta,Baing Daunt Chaung,Leik Kone
Myanmar,Laputta,Laputta,Baing Daunt Chaung,Ka Dan Lay
Myanmar,Laputta,Laputta,Baing Daunt Chaung,Sa Gan Kone
Myanmar,Laputta,Laputta,Baing Daunt Chaung,Nyan Kwin
Myanmar,Laputta,Laputta,Baing Daunt Chaung,Ma Yan Kone
Myanmar,Laputta,Laputta,Bay Pauk,Nyi Naung
Myanmar,Laputta,Laputta,Bay Pauk,Kwin Yar
Myanmar,Laputta,Laputta,Bay Pauk,Sar Ma Lauk
Myanmar,Laputta,Laputta,Bay Pauk,Myit Kyoe Lay
Myanmar,Laputta,Laputta,Bay Pauk,Kan Gyi Su
Myanmar,Laputta,Laputta,Bay Pauk,Tha Pyay Kwin
Myanmar,Laputta,Laputta,Bay Pauk,Ka Ba Lu
Myanmar,Laputta,Laputta,Bay Pauk,Sa Khan Chaung
Myanmar,Laputta,Laputta,Bay Pauk,Bay Pauk
Myanmar,Laputta,Laputta,Bay Pauk,Myit Kyo Gyi
Myanmar,Laputta,Laputta,Bay Pauk,Kan Thar
Myanmar,Laputta,Laputta,Bay Pauk,Kan Thar
Myanmar,Laputta,Laputta,Bi Tut,Bi Tut
Myanmar,Laputta,Laputta,Bi Tut,Hpa Yar Lay
Myanmar,Laputta,Laputta,Bi Tut,Htone Bu Kya
Myanmar,Laputta,Laputta,Bi Tut,Htone Bu Kya Ah Wa
Myanmar,Laputta,Laputta,Bi Tut,Htone Bu Kya Ah Nyar Su
Myanmar,Laputta,Laputta,Bi Tut,Sit Kwe
Myanmar,Laputta,Laputta,Bi Tut,Lay Ein Tan
Myanmar,Laputta,Laputta,Bi Tut,Kyun Chaung
Myanmar,Laputta,Laputta,Bi Tut,Maung Nge Wa
Myanmar,Laputta,Laputta,Bi Tut,Kant Ba Lar
Myanmar,Laputta,Laputta,Bi Tut,Son Htoe
Myanmar,Laputta,Laputta,Bi Tut,Shwe La Win
Myanmar,Laputta,Laputta,Bi Tut,Hpa Yar Lay Kyein Chaung
Myanmar,Laputta,Laputta,Bi Tut,Kyein Chaung
Myanmar,Laputta,Laputta,Boe Pyayt,Bay Pauk
Myanmar,Laputta,Laputta,Boe Pyayt,Kyein Ni Kyaung Su
Myanmar,Laputta,Laputta,Boe Pyayt,Ywar Thit
Myanmar,Laputta,Laputta,Boe Pyayt,Nnar Khaung Pauk
Myanmar,Laputta,Laputta,Boe Pyayt,Taung Thar Chaung(Taung Yar Chaung)
Myanmar,Laputta,Laputta,Boe Pyayt,Yae Kyaw
Myanmar,Laputta,Laputta,Boe Pyayt,Boe Pyayt
Myanmar,Laputta,Laputta,Boe Pyayt,Kyee Chaung
Myanmar,Laputta,Laputta,Da Ni Seik,Da Ni Seik
Myanmar,Laputta,Laputta,Da Ni Seik,Daunt Chaung
Myanmar,Laputta,Laputta,Da Ni Seik,Ywar Lay Chaung
Myanmar,Laputta,Laputta,Da Ni Seik,Hman Kone
Myanmar,Laputta,Laputta,Da Ni Seik,Pein Hne Kone
Myanmar,Laputta,Laputta,Da Ni Seik,Ta Loke Kone
Myanmar,Laputta,Laputta,Da Ni Seik,Shwe Kone
Myanmar,Laputta,Laputta,Da Ni Seik,Ma Dawt
Myanmar,Laputta,Laputta,Da Ni Seik,Bo Kone
Myanmar,Laputta,Laputta,Gon Nyin Tan,Gon Hnyin Tan
Myanmar,Laputta,Laputta,Gon Nyin Tan,Ywar Thit
Myanmar,Laputta,Laputta,Gon Nyin Tan,Hnar Khaung Pauk
Myanmar,Laputta,Laputta,Gon Nyin Tan,Aung Taw Mu
Myanmar,Laputta,Laputta,Gon Nyin Tan,Si Pin Taw
Myanmar,Laputta,Laputta,Gon Nyin Tan,Kan Su
Myanmar,Laputta,Laputta,Gon Nyin Tan,Myo Chaung
Myanmar,Laputta,Laputta,Gon Nyin Tan,Leik Thit
Myanmar,Laputta,Laputta,Hlwa Zar,Hlwa Zar
Myanmar,Laputta,Laputta,Hlwa Zar,Zin Pyun Kone
Myanmar,Laputta,Laputta,Hlwa Zar,Myin Ka Kone
Myanmar,Laputta,Laputta,Hlwa Zar,Tha Pawt Aing
Myanmar,Laputta,Laputta,Hlwa Zar,Daunt Gyi Kone
Myanmar,Laputta,Laputta,Hlwa Zar,Shwe Kyun Thar
Myanmar,Laputta,Laputta,Hlwa Zar,Ka Nyin Kaing
Myanmar,Laputta,Laputta,Hlwa Zar,Da Yei Hpyu Gyi
Myanmar,Laputta,Laputta,Hlwa Zar,Da Yei Hpyu Lay
Myanmar,Laputta,Laputta,Hlwa Zar,Ywa Thar Yar
Myanmar,Laputta,Laputta,Hlwa Zar,Kan Thar Yar
Myanmar,Laputta,Laputta,Hlwa Zar,Let Pan Kone
Myanmar,Laputta,Laputta,Hlwa Zar,Kwa Kwa Lay
Myanmar,Laputta,Laputta,Hlwa Zar,Ka Nu Ka Mar
Myanmar,Laputta,Laputta,Htin Pon Kwin,Htin Pon Kwin
Myanmar,Laputta,Laputta,Htin Pon Kwin,Ah Mat Ka Lay
Myanmar,Laputta,Laputta,Htin Pon Kwin,Kun Htaw
Myanmar,Laputta,Laputta,Htin Pon Kwin,Sa Par Gyi
Myanmar,Laputta,Laputta,Htin Pon Kwin,Kant Ba Lar
Myanmar,Laputta,Laputta,Htin Pon Kwin,Nga Hpei Ta Yar
Myanmar,Laputta,Laputta,Htin Pon Kwin,Shan Chaung
Myanmar,Laputta,Laputta,Ka Ka Yan,Ka Ka Yan
Myanmar,Laputta,Laputta,Ka Ka Yan,Aung Hlaing
Myanmar,Laputta,Laputta,Ka Ka Yan,Ka Zauk
Myanmar,Laputta,Laputta,Ka Ka Yan,Ohn Pin Su
Myanmar,Laputta,Laputta,Ka Ka Yan,Myaing Chaung
Myanmar,Laputta,Laputta,Ka Ka Yan,Kyat Sin Chaung
Myanmar,Laputta,Laputta,Ka Ka Yan,Yae Hpyu Kan
Myanmar,Laputta,Laputta,Ka Ka Yan,Ah Shey Thaing Chaung
Myanmar,Laputta,Laputta,Ka Ka Yan,Ah Nauk Thaing Chaung
Myanmar,Laputta,Laputta,Ka Ka Yan,Nga Hpaw
Myanmar,Laputta,Laputta,Ka Ka Yan,Ka Lar Chaung
Myanmar,Laputta,Laputta,Ka Nyin Kone,Ka Nyin Kone
Myanmar,Laputta,Laputta,Ka Nyin Kone,Tha Pyu Kone
Myanmar,Laputta,Laputta,Ka Nyin Kone,Rakhine Kone
Myanmar,Laputta,Laputta,Ka Nyin Kone,Thaing Chaung (East)
Myanmar,Laputta,Laputta,Ka Nyin Kone,Saing Su (a) Aung Min Ga Lar
Myanmar,Laputta,Laputta,Ka Nyin Kone,Ka Nyin Ta Pin
Myanmar,Laputta,Laputta,Ka Nyin Kone,Ma Lay Gyi Kone
Myanmar,Laputta,Laputta,Ka Nyin Kone,Auk Sat Ku
Myanmar,Laputta,Laputta,Ka Nyin Kone,Sin Twin Kone
Myanmar,Laputta,Laputta,Ka Nyin Kone,Sit Kwin
Myanmar,Laputta,Laputta,Ka Nyin Kone,Seik Hpu
Myanmar,Laputta,Laputta,Ka Nyin Kone,Hpoe Thin (a) Hpa Yar Lay Su
Myanmar,Laputta,Laputta,Ka Nyin Kone,Daunt Chaung
Myanmar,Laputta,Laputta,Ka Nyin Kone,Hpa Yar Kwin
Myanmar,Laputta,Laputta,Ka Nyin Kone,Ah Htet Set Ku
Myanmar,Laputta,Laputta,Kan Bet,Kan Bet
Myanmar,Laputta,Laputta,Kan Bet,Sat Gyi Su
Myanmar,Laputta,Laputta,Kan Bet,Ohn Pin Su
Myanmar,Laputta,Laputta,Kan Bet,Pauk Tu
Myanmar,Laputta,Laputta,Kan Bet,Sat Chaung (East)
Myanmar,Laputta,Laputta,Kan Bet,Sat Chaung (West)
Myanmar,Laputta,Laputta,Kan Bet,Shwe Mate Thaing Chaung
Myanmar,Laputta,Laputta,Kan Bet,Tha Yet Pin Kwin
Myanmar,Laputta,Laputta,Kan Bet,Mya Kan Thar
Myanmar,Laputta,Laputta,Kan Bet,Aung Tha Yar (1)
Myanmar,Laputta,Laputta,Kan Bet,Aung Tha Yar (2)
Myanmar,Laputta,Laputta,Kan Bet,Ah Nyar Su
Myanmar,Laputta,Laputta,Kan Bet,Kan Thar Yar
Myanmar,Laputta,Laputta,Koke Ko,Kya Kan Su
Myanmar,Laputta,Laputta,Koke Ko,Mee Ya Htar (a) Peik Swei
Myanmar,Laputta,Laputta,Koke Ko,Koke Ko
Myanmar,Laputta,Laputta,Koke Ko,Kyaung Su
Myanmar,Laputta,Laputta,Koke Ko,Pyin Ma Kone
Myanmar,Laputta,Laputta,Koke Ko,Da Ni Chaung
Myanmar,Laputta,Laputta,Koke Ko,Kyar Net
Myanmar,Laputta,Laputta,Koke Ko,Kha Naung
Myanmar,Laputta,Laputta,Koke Ko,Thaing Kone
Myanmar,Laputta,Laputta,Koke Ko,Ka Nyin Kwin
Myanmar,Laputta,Laputta,Koke Ko,Kwin Kauk
Myanmar,Laputta,Laputta,Kyauk Phyu Pein Ne Taung,Kyauk Hpyu
Myanmar,Laputta,Laputta,Kyauk Phyu Pein Ne Taung,Pein Hne Taung
Myanmar,Laputta,Laputta,Kyauk Phyu Pein Ne Taung,Ah Su Lay
Myanmar,Laputta,Laputta,Kyee Chaung,Kyee Chaung
Myanmar,Laputta,Laputta,Kyee Chaung,Ah Shey Chaung Byea Gyi
Myanmar,Laputta,Laputta,Kyee Chaung,Ka Na So Chaung
Myanmar,Laputta,Laputta,Kyee Chaung,Peik Tar Gyi
Myanmar,Laputta,Laputta,Kyee Chaung,Sit Pin Chaung
Myanmar,Laputta,Laputta,Kyee Chaung,Ah Nauk Chaung Byea Gyi
Myanmar,Laputta,Laputta,Kyu Taw,Kyu Taw
Myanmar,Laputta,Laputta,Kyu Taw,Bay Bauk
Myanmar,Laputta,Laputta,Kyu Taw,Ta Say Ngu
Myanmar,Laputta,Laputta,Kyu Taw,Chaung Kwe Gyi
Myanmar,Laputta,Laputta,Kyu Taw,Kyein Ni
Myanmar,Laputta,Laputta,Kyu Taw,Leik Ka Bar
Myanmar,Laputta,Laputta,Kyu Taw,Hpa Yar Lay Kwin
Myanmar,Laputta,Laputta,Maung Nge,Nga Moe Yeik
Myanmar,Laputta,Laputta,Maung Nge,Kan Bar Kwin
Myanmar,Laputta,Laputta,Maung Nge,Oak Kan
Myanmar,Laputta,Laputta,Maung Nge,Ohn Pin Su
Myanmar,Laputta,Laputta,Maung Nge,Khar Pyat
Myanmar,Laputta,Laputta,Maung Nge,Kha Yan Kwin
Myanmar,Laputta,Laputta,Maung Nge,Wea Chaung
Myanmar,Laputta,Laputta,Maung Nge,Boe Khway Gyi
Myanmar,Laputta,Laputta,Maung Nge,Tha Pyay Kwin
Myanmar,Laputta,Laputta,Myit Pauk,Myit Pauk
Myanmar,Laputta,Laputta,Myit Pauk,Daunt Chaung
Myanmar,Laputta,Laputta,Myit Pauk,Thea Kone
Myanmar,Laputta,Laputta,Myit Pauk,Sit Kone
Myanmar,Laputta,Laputta,Myit Pauk,See Hpyu
Myanmar,Laputta,Laputta,Myit Pauk,Kyaung Shar
Myanmar,Laputta,Laputta,Myit Pauk,Nyaung Chaung
Myanmar,Laputta,Laputta,Myit Pauk,Hpoe Na Ko
Myanmar,Laputta,Laputta,Myit Pauk,Htan Ta Pin (a) Htan Pin Chaung
Myanmar,Laputta,Laputta,Myit Pauk,Ah Htet Chaung
Myanmar,Laputta,Laputta,Myit Pauk,Kan Nyi Naung
Myanmar,Laputta,Laputta,Myit Pauk,Yae Twin Kone
Myanmar,Laputta,Laputta,Myit Pauk,Sin Chaung
Myanmar,Laputta,Laputta,Myit Pauk,La Tar Chaung
Myanmar,Laputta,Laputta,Myit Pauk,Ah Wa Peik
Myanmar,Laputta,Laputta,Myit Pauk,Nga Dan Ta Yar
Myanmar,Laputta,Laputta,Myit Pauk,Thaung Du
Myanmar,Laputta,Laputta,Myit Pauk,Mya Kyun Thar
Myanmar,Laputta,Laputta,Myit Pauk,Hnget Theik
Myanmar,Laputta,Laputta,Myit Pauk,Hnget Kya
Myanmar,Laputta,Laputta,Myit Pauk,Gaw Du (North)
Myanmar,Laputta,Laputta,Myit Pauk,Gaw Du Wae Chaung
Myanmar,Laputta,Laputta,Myit Pauk,Gaw Du (South)
Myanmar,Laputta,Laputta,Myit Pauk,Chaung Kauk
Myanmar,Laputta,Laputta,Nyaung Chaung,Nyaung Chaung
Myanmar,Laputta,Laputta,Nyaung Chaung,Boe Khway Lay
Myanmar,Laputta,Laputta,Nyaung Chaung,Let Tan
Myanmar,Laputta,Laputta,Nyaung Chaung,Shan Chaung
Myanmar,Laputta,Laputta,Nyaung Chaung,Wea Chaung
Myanmar,Laputta,Laputta,Nyaung Chaung,Boe Khway Gyi
Myanmar,Laputta,Laputta,Nyaung Chaung,Sar Swea
Myanmar,Laputta,Laputta,Nyaung Chaung,Za Let Htaw
Myanmar,Laputta,Laputta,Nyaung Lan,Nyaung Lan
Myanmar,Laputta,Laputta,Nyaung Lan,Kyaung Thit
Myanmar,Laputta,Laputta,Nyaung Lan,Pa Keik Ka Lay
Myanmar,Laputta,Laputta,Nyaung Lan,Nyaung Chaung
Myanmar,Laputta,Laputta,Nyaung Lein,Nyaung Lein Kyaung She Kone
Myanmar,Laputta,Laputta,Nyaung Lein,Thea Hpyu Kone
Myanmar,Laputta,Laputta,Nyaung Lein,Ah Lel Kone
Myanmar,Laputta,Laputta,Nyaung Lein,Da Ni Chaung
Myanmar,Laputta,Laputta,Nyaung Lein,Auk Kone
Myanmar,Laputta,Laputta,Nyaung Lein,Hpa Yar Lay Kone
Myanmar,Laputta,Laputta,Nyaung Lein,Ka Nyin Kone
Myanmar,Laputta,Laputta,Nyaung Lein,Shan Su
Myanmar,Laputta,Laputta,Ohn Ta Pin,Aung Hpone
Myanmar,Laputta,Laputta,Ohn Ta Pin,Nat Ka Daw
Myanmar,Laputta,Laputta,Ohn Ta Pin,Kyein Chaung
Myanmar,Laputta,Laputta,Ohn Ta Pin,Aung Hla (a) Hla Pa Lut
Myanmar,Laputta,Laputta,Ohn Ta Pin,Aung Nat (a) Aung Hlaing
Myanmar,Laputta,Laputta,Ohn Ta Pin,Chaung Thar Gyi
Myanmar,Laputta,Laputta,Sar Chet,Theik Pan Kone Gyi
Myanmar,Laputta,Laputta,Sar Chet,Hpa Yar Lay Kone
Myanmar,Laputta,Laputta,Sar Chet,Pi Tauk Kone
Myanmar,Laputta,Laputta,Sar Chet,Sin Htwet
Myanmar,Laputta,Laputta,Sar Chet,Tar Lu Hpa Taw
Myanmar,Laputta,Laputta,Sar Chet,Wea Chaung
Myanmar,Laputta,Laputta,Sar Chet,Pon Ka Mar
Myanmar,Laputta,Laputta,Sar Chet,Thin Gan Kone
Myanmar,Laputta,Laputta,Sar Chet,Thea Kone/Sit Kone
Myanmar,Laputta,Laputta,Sar Chet,Maung Nge Su
Myanmar,Laputta,Laputta,Sar Chet,Boe Thin Kone
Myanmar,Laputta,Laputta,Sar Chet,Chan Thar Aye Kone
Myanmar,Laputta,Laputta,Sar Chet,Sar Chet
Myanmar,Laputta,Laputta,Sar Chet,Nga Phone
Myanmar,Laputta,Laputta,Sar Chet,Ka Ka Yo
Myanmar,Laputta,Laputta,Sar Chet,Kwin Kone
Myanmar,Laputta,Laputta,Shaw Chaung,Shaw Chaung
Myanmar,Laputta,Laputta,Shaw Chaung,Pay Chaung
Myanmar,Laputta,Laputta,Shaw Chaung,Tha Pyay Chaung
Myanmar,Laputta,Laputta,Shaw Chaung,Thet Kei Chaung
Myanmar,Laputta,Laputta,Shaw Chaung,Ka Ti Par Ywa Thit
Myanmar,Laputta,Laputta,Shaw Chaung,Bay Pauk
Myanmar,Laputta,Laputta,Shaw Chaung,Leik Aing
Myanmar,Laputta,Laputta,Shaw Chaung,Pyar Chaung
Myanmar,Laputta,Laputta,Shaw Chaung,Ka Ti Par
Myanmar,Laputta,Laputta,Shaw Chaung,Nyi Naung
Myanmar,Laputta,Laputta,Shaw Chaung,Ma Yan
Myanmar,Laputta,Laputta,Shaw Chaung,Nga Poke Thin
Myanmar,Laputta,Laputta,Shaw Chaung,Mi Chaung Aing
Myanmar,Laputta,Laputta,Shaw Chaung,Yae Cho Kone
Myanmar,Laputta,Laputta,Shaw Chaung,Kwin Thone Sint
Myanmar,Laputta,Laputta,Shaw Chaung,Hpaung Ma Kha
Myanmar,Laputta,Laputta,Tha Nat Hpet,Tha Nat Hpet
Myanmar,Laputta,Laputta,Tha Nat Hpet,Yae Twin Kone
Myanmar,Laputta,Laputta,Tha Nat Hpet,Daung Ka Lein
Myanmar,Laputta,Laputta,Tha Nat Hpet,Myat Khaing
Myanmar,Laputta,Laputta,Tha Nat Hpet,Gon HnyinTan
Myanmar,Laputta,Laputta,Tha Nat Hpet,Tha Yar Kone
Myanmar,Laputta,Laputta,Tha Nat Hpet,Ywar Thit
Myanmar,Laputta,Laputta,Tha Nat Hpet,Oak Kan
Myanmar,Laputta,Laputta,Tha Pyu Kone,Tha Pyu Kone
Myanmar,Laputta,Laputta,Tha Pyu Kone,Ku Lar Kone
Myanmar,Laputta,Laputta,Tha Pyu Kone,Mi U
Myanmar,Laputta,Laputta,Tha Pyu Kone,Kyar Ni Kan
Myanmar,Laputta,Laputta,Tha Pyu Kone,Lun Chaung
Myanmar,Laputta,Laputta,Tha Pyu Kone,Pyin Taung Kwin
Myanmar,Laputta,Laputta,Tha Pyu Kone,Taung Kone Gyi
Myanmar,Laputta,Laputta,Tha Pyu Kone,Chaung Wa Kone
Myanmar,Laputta,Laputta,Tha Pyu Kone,Leik Kwin
Myanmar,Laputta,Laputta,Tha Pyu Kone,Koe Bo
Myanmar,Laputta,Laputta,Tha Pyu Kone,Nga Khone Ma
Myanmar,Laputta,Laputta,Tha Pyu Kone,Yae Wai
Myanmar,Laputta,Laputta,Tha Pyu Kone,Chaung Thar
Myanmar,Laputta,Laputta,Tha Pyu Kone,Nyaung Pin Thar
Myanmar,Laputta,Laputta,Tha Pyu Kone,Zin Ywe
Myanmar,Laputta,Laputta,Tha Pyu Kone,Chaung Gyi
Myanmar,Laputta,Laputta,Tha Pyu Kone,Tha Byay Chaung
