Kenya,Kwale
Kenya,Kilifi
Kenya,Tana River
Kenya,Lamu
Kenya,Taita-Taveta
Kenya,Garissa
Kenya,Wajir
Kenya,Mandera
Kenya,Marsabit
Kenya,Isiolo
Kenya,Meru
Kenya,Tharaka-Nithi
Kenya,Embu
Kenya,Kitui
Kenya,Machakos
Kenya,Makueni
Kenya,Nyandarua
Kenya,Nyeri
Kenya,Kirinyaga
Kenya,Murang'a
Kenya,Kiambu
Kenya,Turkana
Kenya,West Pokot
Kenya,Samburu
Kenya,Trans-Nzoia
Kenya,Uasin Gishu
Kenya,Elgeyo-Marakwet
Kenya,Nandi
Kenya,Baringo
Kenya,Laikipia
Kenya,Nakuru
Kenya,Narok
Kenya,Kajiado
Kenya,Kericho
Kenya,Bomet
Kenya,Kakamega
Kenya,Vihiga
Kenya,Bungoma
Kenya,Busia
Kenya,Siaya
Kenya,Kisumu
Kenya,Homa Bay
Kenya,Migori
Kenya,Kisii
Kenya,Nyamira
Kenya,Nairobi
Kenya,Kwale
Kenya,Kilifi
Kenya,Tana River
Kenya,Lamu
Kenya,Taita-Taveta
Kenya,Garissa
Kenya,Wajir
Kenya,Mandera
Kenya,Marsabit
Kenya,Isiolo
Kenya,Meru
Kenya,Tharaka-Nithi
Kenya,Embu
,
,
,
,
,
,
,
,
,
,
,
,
,
,
,
,
,
,
,
,
,
,
,
,
,
,
,
,
,
,
,
,
,
,
,
,
,
,
,