Akkar,Akkar,Aadouiye
Akkar,Akkar,Aaidamoun
Akkar,Akkar,Aaiyat
Akkar,Akkar,Aakkar El Attiqa
Akkar,Akkar,Aamara
Akkar,Akkar,Aaouinat
Akkar,Akkar,Aarab Jourmnaya
Akkar,Akkar,Aarida
Akkar,Akkar,Aarmeh
Akkar,Akkar,Aarqa
Akkar,Akkar,Aayoun
Akkar,Akkar,Aayoun El Ghezlane
Akkar,Akkar,Abde
Akkar,Akkar,Ain er Rsas
Akkar,Akkar,Ain ez Zeit
Akkar,Akkar,Ain Faouar
Akkar,Akkar,Ain Tinta
Akkar,Akkar,Ain Yaaqoub
Akkar,Akkar,Akroum
Akkar,Akkar,Al-Massoudieh
Akkar,Akkar,Amaret el Baykat
Akkar,Akkar,Amayer
Akkar,Akkar,Andqat
Akkar,Akkar,Ard es Soud
Akkar,Akkar,Awade
Akkar,Akkar,Baaliye
Akkar,Akkar,Baddouaa
Akkar,Akkar,Bajaa
Akkar,Akkar,Balde
Akkar,Akkar,Bani Sakher
Akkar,Akkar,Barcha
Akkar,Akkar,Bebnine
Akkar,Akkar,Beino
Akkar,Akkar,Beit Ali Adraa
Akkar,Akkar,Beit Ayoub
Akkar,Akkar,Beit Daoud
Akkar,Akkar,Beit el Haj
Akkar,Akkar,Beit el Haouch
Akkar,Akkar,Beit Ghattas
Akkar,Akkar,Beit Khlaiyel
Akkar,Akkar,Beit Mellat
Akkar,Akkar,Beit Younes
Akkar,Akkar,Bellanet el Hissa
Akkar,Akkar,Berbara
Akkar,Akkar,Berqayel
Akkar,Akkar,Bezbina
Akkar,Akkar,Bire Akkar
Akkar,Akkar,Borj el Arab
Akkar,Akkar,Boustane El Herch
Akkar,Akkar,Bqayaa
Akkar,Akkar,Bqerzala
Akkar,Akkar,Bzaita
Akkar,Akkar,Bzal
Akkar,Akkar,Chadra
Akkar,Akkar,Chane
Akkar,Akkar,Chaqdouf
Akkar,Akkar,Charbila
Akkar,Akkar,Chattaha
Akkar,Akkar,Cheik Mohammad
Akkar,Akkar,Cheikh Aayash
Akkar,Akkar,Cheikh Hmairine
Akkar,Akkar,Cheikh Taba
Akkar,Akkar,Cheikh Taba es Sahl
Akkar,Akkar,Cheikh Zennad Talbibe
Akkar,Akkar,Cheikhlar
Akkar,Akkar,Chir Hmairine
Akkar,Akkar,Dabadeb
Akkar,Akkar,Daghle
Akkar,Akkar,Dahr Aayas
Akkar,Akkar,Dahr El Ballane
Akkar,Akkar,Dahr el Houssain
Akkar,Akkar,Dahr Laissineh
Akkar,Akkar,Danke et El Amriyeh
Akkar,Akkar,Daousse Baghdadi
Akkar,Akkar,Darine
Akkar,Akkar,Dayret Nahr el Kabir
Akkar,Akkar,Deir Dalloum
Akkar,Akkar,Deir Janine
Akkar,Akkar,Deir Mar Jeryos
Akkar,Akkar,Denke
Akkar,Akkar,Dibbabiye
Akkar,Akkar,Dinbou Ain al zahab
Akkar,Akkar,Doueir Aadouiye
Akkar,Akkar,Ech Cheikh Maarouf
Akkar,Akkar,Ed Daoura
Akkar,Akkar,Ed Daousse
Akkar,Akkar,Ed Debbabiye el Charqiye
Akkar,Akkar,Ed Debbabiye el Gharbiye
Akkar,Akkar,El Aabboudiye
Akkar,Akkar,El Aamriye
Akkar,Akkar,El Aaouaichat
Akkar,Akkar,El Aarida
Akkar,Akkar,El Aayoun
Akkar,Akkar,El Barde
Akkar,Akkar,El Borj Akkar
Akkar,Akkar,El Fraidis
Akkar,Akkar,El Ghawaya
Akkar,Akkar,El Haissa
Akkar,Akkar,El Hichi
Akkar,Akkar,El Houaich
Akkar,Akkar,El Kharnoubeh
Akkar,Akkar,El Khirbe
Akkar,Akkar,El Khirbe Msalla
Akkar,Akkar,EL Khirbe Qleiaat
Akkar,Akkar,El Khoder
Akkar,Akkar,El Kneisse
Akkar,Akkar,El Kouraniye
Akkar,Akkar,El Krahne
Akkar,Akkar,El Kroum
Akkar,Akkar,El Majdal
Akkar,Akkar,El Majdel
Akkar,Akkar,El Mbar kiye
Akkar,Akkar,El Melkiye
Akkar,Akkar,El Mqaiteaa
Akkar,Akkar,El Qantara
Akkar,Akkar,El Qatlabe
Akkar,Akkar,El Qlaiaat
Akkar,Akkar,El Qorne
Akkar,Akkar,El Qsair
Akkar,Akkar,El Rama
Akkar,Akkar,En Nabi Khaled
Akkar,Akkar,Er Ransiye
Akkar,Akkar,Er Rouaime
Akkar,Akkar,Es Sayeh
Akkar,Akkar,Es Souaisse
Akkar,Akkar,Ez Zouq
Akkar,Akkar,Fard
Akkar,Akkar,Fnaideq
Akkar,Akkar,Fsiqine et Ain Echma
Akkar,Akkar,Ghzaile
Akkar,Akkar,Habchit
Akkar,Akkar,Haider
Akkar,Akkar,Haitla
Akkar,Akkar,Haizouq
Akkar,Akkar,Halba
Akkar,Akkar,Haouch
Akkar,Akkar,Haouchab
Akkar,Akkar,Haret Beit Kessab
Akkar,Akkar,Haret ej Jdide
Akkar,Akkar,Haret ej Jdide Mqaiteaa
Akkar,Akkar,Hedd
Akkar,Akkar,Hikr Janine
Akkar,Akkar,Hissa
Akkar,Akkar,Hmaireh Aakkar
Akkar,Akkar,Hmais
Akkar,Akkar,Hnaider
Akkar,Akkar,Hokr ech Cheikh Taba
Akkar,Akkar,Hokr ed Dahri
Akkar,Akkar,Hokr el Kousse
Akkar,Akkar,Hokr El Mahmoudiye
Akkar,Akkar,Hokr Etti
Akkar,Akkar,Hokr Jouret Srar
Akkar,Akkar,Hrar
Akkar,Akkar,Idbil
Akkar,Akkar,Ilat
Akkar,Akkar,Janine
Akkar,Akkar,Jdaidet Ej Joumeh
Akkar,Akkar,Jdeide
Akkar,Akkar,Jdeidet El Qaitaa
Akkar,Akkar,Jebrayel
Akkar,Akkar,Jichet Aali Houssein
Akkar,Akkar,Jouret Srar
Akkar,Akkar,Kafr El Ftouh
Akkar,Akkar,Kafroun
Akkar,Akkar,Kalkha
Akkar,Akkar,Karm el Aasfour
Akkar,Akkar,Karm Zebdine
Akkar,Akkar,Kawashra
Akkar,Akkar,Kfar Harra
Akkar,Akkar,Kfar Melki
Akkar,Akkar,Kfar Noun
Akkar,Akkar,Kfartoun
Akkar,Akkar,Khalsa
Akkar,Akkar,Khane Hayat
Akkar,Akkar,Khat Petrol
Akkar,Akkar,Khirbet Char
Akkar,Akkar,Khirbet Daoud
Akkar,Akkar,Khirbet er Roummane
Akkar,Akkar,Khirbit Ej Jord
Akkar,Akkar,Khorab el Haiyat
Akkar,Akkar,Khraibe Akkar
Akkar,Akkar,Khreibet ej Jindi
Akkar,Akkar,Knaisse Hnaider
Akkar,Akkar,Knisseh
Akkar,Akkar,Kouikhat
Akkar,Akkar,Kousha
Akkar,Akkar,Kroum el Arab
Akkar,Akkar,Machha
Akkar,Akkar,Machta Hammoud
Akkar,Akkar,Machta Hassan
Akkar,Akkar,Mahmoudiye
Akkar,Akkar,Majdla
Akkar,Akkar,Mar Lia Hdare
Akkar,Akkar,Mar Sahllita
Akkar,Akkar,Mar Touma
Akkar,Akkar,Marlayet Haddara
Akkar,Akkar,Marlayet Melhem
Akkar,Akkar,Martmoura
Akkar,Akkar,Mazraat Al Balde
Akkar,Akkar,Mechaeilha Hakour
Akkar,Akkar,Mechmech
Akkar,Akkar,Meghraq
Akkar,Akkar,Meghraqa
Akkar,Akkar,Memnaa
Akkar,Akkar,Mhamra
Akkar,Akkar,Mhatat Siket el Hadid
Akkar,Akkar,Minyara
Akkar,Akkar,Mouanse
Akkar,Akkar,Mounjez
Akkar,Akkar,Mqaible
Akkar,Akkar,Mqaitaa
Akkar,Akkar,Mrah Aakkar
Akkar,Akkar,Mrah Al Khawkh
Akkar,Akkar,Mrah el Aainouni
Akkar,Akkar,Mrah el Bsatine
Akkar,Akkar,Mrah Qamar ed Dine
Akkar,Akkar,Msalla
Akkar,Akkar,Mzeihmeh
Akkar,Akkar,Nabaa el Ghzaile
Akkar,Akkar,Nahr El Bared
Akkar,Akkar,Nahriye
Akkar,Akkar,Nassriye
Akkar,Akkar,Nfaisseh
Akkar,Akkar,Noura
Akkar,Akkar,Noura el Faouqa et el Tahta
Akkar,Akkar,Noura el Tahta
Akkar,Akkar,Ouadi Ej jamous
Akkar,Akkar,Qaabrine
Akkar,Akkar,Qabaait
Akkar,Akkar,Qanbar
Akkar,Akkar,Qarha Akkar
Akkar,Akkar,Qarqaf
Akkar,Akkar,Qbaiyat el Gharbiye
Akkar,Akkar,Qbaiyat ez Zouq
Akkar,Akkar,Qboula
Akkar,Akkar,Qbour El Bid
Akkar,Akkar,Qinye
Akkar,Akkar,Qloud El-Baqieh
Akkar,Akkar,Qochloq
Akkar,Akkar,Qoubaiyat
Akkar,Akkar,Qoubbet Chamra
Akkar,Akkar,Qraiyat
Akkar,Akkar,Rahbe
Akkar,Akkar,Rajm Hssein
Akkar,Akkar,Rajm Issa
Akkar,Akkar,Rajm Khalaf
Akkar,Akkar,Rihaniye
Akkar,Akkar,Rmah En Nahriyeh
Akkar,Akkar,Rmoul
Akkar,Akkar,Saadine
Akkar,Akkar,Sadaqa
Akkar,Akkar,Sahle
Akkar,Akkar,Saidnaya
Akkar,Akkar,Saissouq
Akkar,Akkar,Sammouniye
Akkar,Akkar,Saoualha
Akkar,Akkar,Sbagha
Akkar,Akkar,Semmaqiye
Akkar,Akkar,Semmaqli
Akkar,Akkar,Sfaynet El-Qaitaa
Akkar,Akkar,Sfinet ed Dreib
Akkar,Akkar,Shaqdouf Aakkar
Akkar,Akkar,Sindianet Zeidane
Akkar,Akkar,Srar
Akkar,Akkar,Takrit
Akkar,Akkar,Tal Meaayan
Akkar,Akkar,Tall Aabbas Ech-Charqi
Akkar,Akkar,Tall Aabbas el Gharbi
Akkar,Akkar,Tall Bire
Akkar,Akkar,Tall Hmayra
Akkar,Akkar,Tallet el Mjabber
Akkar,Akkar,Tallet ez Zefir
Akkar,Akkar,Tashea
Akkar,Akkar,Tell Bibi
Akkar,Akkar,Tell Hayat
Akkar,Akkar,Tell Kindi
Akkar,Akkar,Tell Kiri
Akkar,Akkar,Tell Sebael
Akkar,Akkar,Tleil
Akkar,Akkar,Wadi Al Hoor
Akkar,Akkar,Wadi Khaled
Akkar,Akkar,Zouaitini Akkar
Akkar,Akkar,Zouarib
Akkar,Akkar,Zouk Haddara
Akkar,Akkar,Zouq el Hassineh
Akkar,Akkar,Zouq El Mqachrine
Akkar,Akkar,Zouq El-Hbalsa
Baalbek-El Hermel,Baalbek,Aadous
Baalbek-El Hermel,Baalbek,Aallaq
Baalbek-El Hermel,Baalbek,Aamchki
Baalbek-El Hermel,Baalbek,Aarsal
Baalbek-El Hermel,Baalbek,Aayoun Orghoush
Baalbek-El Hermel,Baalbek,Ain Bourday
Baalbek-El Hermel,Baalbek,Ain Ej Jaouze
Baalbek-El Hermel,Baalbek,Ain El Bnaiye
Baalbek-El Hermel,Baalbek,Ain es Saouda
Baalbek-El Hermel,Baalbek,Ainata
Baalbek-El Hermel,Baalbek,Al Ansar Baalbek
Baalbek-El Hermel,Baalbek,Baalbek
Baalbek-El Hermel,Baalbek,Baayoun
Baalbek-El Hermel,Baalbek,Barqa
Baalbek-El Hermel,Baalbek,Bechouat
Baalbek-El Hermel,Baalbek,Bednayel
Baalbek-El Hermel,Baalbek,Beit Chama
Baalbek-El Hermel,Baalbek,Beit es Satiti
Baalbek-El Hermel,Baalbek,Beit Habchi
Baalbek-El Hermel,Baalbek,Beit Mchik
Baalbek-El Hermel,Baalbek,Bejjaje
Baalbek-El Hermel,Baalbek,Betdaai
Baalbek-El Hermel,Baalbek,Blaiqa
Baalbek-El Hermel,Baalbek,Boudai
Baalbek-El Hermel,Baalbek,Britel
Baalbek-El Hermel,Baalbek,Bsayleh al Fawka
Baalbek-El Hermel,Baalbek,Bsayleh al Tahta
Baalbek-El Hermel,Baalbek,Chaat
Baalbek-El Hermel,Baalbek,Chlifa
Baalbek-El Hermel,Baalbek,Chmistar
Baalbek-El Hermel,Baalbek,Daouret en Naml
Baalbek-El Hermel,Baalbek,Dar el Ouassaa
Baalbek-El Hermel,Baalbek,Deir El Ahmar
Baalbek-El Hermel,Baalbek,Deir Mar Maroun Baalbek
Baalbek-El Hermel,Baalbek,Douris
Baalbek-El Hermel,Baalbek,El Aaiara
Baalbek-El Hermel,Baalbek,El Ain
Baalbek-El Hermel,Baalbek,El Barake
Baalbek-El Hermel,Baalbek,El Faqrat
Baalbek-El Hermel,Baalbek,El Laouze
Baalbek-El Hermel,Baalbek,El Maalqa
Baalbek-El Hermel,Baalbek,El Marmagha
Baalbek-El Hermel,Baalbek,El Qaa
Baalbek-El Hermel,Baalbek,El Qerrami
Baalbek-El Hermel,Baalbek,En Nouqra
Baalbek-El Hermel,Baalbek,Fakehe
Baalbek-El Hermel,Baalbek,Flaoui
Baalbek-El Hermel,Baalbek,Freij
Baalbek-El Hermel,Baalbek,Hadet Hermel
Baalbek-El Hermel,Baalbek,Hai el Mathane
Baalbek-El Hermel,Baalbek,Halbata
Baalbek-El Hermel,Baalbek,Ham
Baalbek-El Hermel,Baalbek,Haouch Barada
Baalbek-El Hermel,Baalbek,Haouch Ed Dahab
Baalbek-El Hermel,Baalbek,Haouch En Nabi
Baalbek-El Hermel,Baalbek,Haouch Snaid
Baalbek-El Hermel,Baalbek,Haouch Tall Safiye
Baalbek-El Hermel,Baalbek,Haouerte
Baalbek-El Hermel,Baalbek,Haour Taala
Baalbek-El Hermel,Baalbek,Harabta
Baalbek-El Hermel,Baalbek,Harfouch
Baalbek-El Hermel,Baalbek,Hfayer
Baalbek-El Hermel,Baalbek,Hizzine
Baalbek-El Hermel,Baalbek,Hosn ech Chadoura
Baalbek-El Hermel,Baalbek,Houch Er Rafqa
Baalbek-El Hermel,Baalbek,Iaat
Baalbek-El Hermel,Baalbek,Jabaa
Baalbek-El Hermel,Baalbek,Jabal Ech Chaaibe
Baalbek-El Hermel,Baalbek,Jabboule
Baalbek-El Hermel,Baalbek,Janta
Baalbek-El Hermel,Baalbek,Jdaide Fekehe
Baalbek-El Hermel,Baalbek,Joubaniyeh
Baalbek-El Hermel,Baalbek,Kfar Dabach
Baalbek-El Hermel,Baalbek,Kfar Dane
Baalbek-El Hermel,Baalbek,Kharayeb
Baalbek-El Hermel,Baalbek,Khermateh
Baalbek-El Hermel,Baalbek,Khirbet Daoud Baalbek
Baalbek-El Hermel,Baalbek,Khirbet et Tine
Baalbek-El Hermel,Baalbek,Khirbet Haouerte
Baalbek-El Hermel,Baalbek,Khirbet Younine
Baalbek-El Hermel,Baalbek,Khodor
Baalbek-El Hermel,Baalbek,Khraibe
Baalbek-El Hermel,Baalbek,Knaisse
Baalbek-El Hermel,Baalbek,Laboue
Baalbek-El Hermel,Baalbek,Maarboun
Baalbek-El Hermel,Baalbek,Mahatta
Baalbek-El Hermel,Baalbek,Majdaloun
Baalbek-El Hermel,Baalbek,Maql el Bouadte
Baalbek-El Hermel,Baalbek,Maqne
Baalbek-El Hermel,Baalbek,Masnaa
Baalbek-El Hermel,Baalbek,Masnaa es Zohr
Baalbek-El Hermel,Baalbek,Mathanet Mousrayeh
Baalbek-El Hermel,Baalbek,Mazraat al Ramassy
Baalbek-El Hermel,Baalbek,Mazraat Al Souaydane
Baalbek-El Hermel,Baalbek,Mazraat al Takch
Baalbek-El Hermel,Baalbek,Mazraat Beit el Ghoussain
Baalbek-El Hermel,Baalbek,Mazraat Beit Slaibi
Baalbek-El Hermel,Baalbek,Mazraat Ed Dallil
Baalbek-El Hermel,Baalbek,Mazraat ed Dhour
Baalbek-El Hermel,Baalbek,Mazraat Es Saiyed
Baalbek-El Hermel,Baalbek,Mazraat Matar
Baalbek-El Hermel,Baalbek,Mazraat Oumm Aali
Baalbek-El Hermel,Baalbek,Mchaitiye
Baalbek-El Hermel,Baalbek,Mehairfe
Baalbek-El Hermel,Baalbek,Mhattat Ras Baalbeck
Baalbek-El Hermel,Baalbek,Mkaybel Al Kala'
Baalbek-El Hermel,Baalbek,Moqraq
Baalbek-El Hermel,Baalbek,Mrah Beit Aassaf
Baalbek-El Hermel,Baalbek,Mrah Beit el Qazah
Baalbek-El Hermel,Baalbek,Mrah Beit Slim
Baalbek-El Hermel,Baalbek,Mrah Bou Brahim
Baalbek-El Hermel,Baalbek,Mrah Bou Chahine
Baalbek-El Hermel,Baalbek,Mrah ech Chmis
Baalbek-El Hermel,Baalbek,Mrah ech Choaab
Baalbek-El Hermel,Baalbek,Mrah ej Jamal
Baalbek-El Hermel,Baalbek,Mrah ej Jeddaoui
Baalbek-El Hermel,Baalbek,Mrah El Aabed
Baalbek-El Hermel,Baalbek,Mrah El Aaouja
Baalbek-El Hermel,Baalbek,Mrah El Aassi
Baalbek-El Hermel,Baalbek,Mrah el Ahmar
Baalbek-El Hermel,Baalbek,Mrah el Blata
Baalbek-El Hermel,Baalbek,Mrah EL Harfouch
Baalbek-El Hermel,Baalbek,Mrah es Sirghane
Baalbek-El Hermel,Baalbek,Mrah Haissoun
Baalbek-El Hermel,Baalbek,Mrah Kloude
Baalbek-El Hermel,Baalbek,Mrah Najib
Baalbek-El Hermel,Baalbek,Mrah Rafi
Baalbek-El Hermel,Baalbek,Mrah Semaan
Baalbek-El Hermel,Baalbek,Mrah Soukkar
Baalbek-El Hermel,Baalbek,Nabha
Baalbek-El Hermel,Baalbek,Nabha Al Mohfara
Baalbek-El Hermel,Baalbek,Nabi Chit
Baalbek-El Hermel,Baalbek,Nabi Osmane
Baalbek-El Hermel,Baalbek,Nabi Rachade
Baalbek-El Hermel,Baalbek,Nabi Sbat
Baalbek-El Hermel,Baalbek,Nahle
Baalbek-El Hermel,Baalbek,Qaa Jouar Maqiyeh
Baalbek-El Hermel,Baalbek,Qaa Ouadi el Khanzir
Baalbek-El Hermel,Baalbek,Qalaat Bakdach
Baalbek-El Hermel,Baalbek,Qalb es Sabaa
Baalbek-El Hermel,Baalbek,Qarha
Baalbek-El Hermel,Baalbek,Qiddam
Baalbek-El Hermel,Baalbek,Qlaile
Baalbek-El Hermel,Baalbek,Qsarnaba
Baalbek-El Hermel,Baalbek,Ram
Baalbek-El Hermel,Baalbek,Ras al Assy
Baalbek-El Hermel,Baalbek,Ras Baalbek
Baalbek-El Hermel,Baalbek,Ras Baalbek ech Charqi
Baalbek-El Hermel,Baalbek,Ras Baalbek es Sahel
Baalbek-El Hermel,Baalbek,Rasm El Hadet
Baalbek-El Hermel,Baalbek,Riha
Baalbek-El Hermel,Baalbek,Saaide
Baalbek-El Hermel,Baalbek,Safra
Baalbek-El Hermel,Baalbek,Saidet ed Dalil
Baalbek-El Hermel,Baalbek,Saraain el Faouqa
Baalbek-El Hermel,Baalbek,Saraain et Tahta
Baalbek-El Hermel,Baalbek,Sbouba
Baalbek-El Hermel,Baalbek,Sifri
Baalbek-El Hermel,Baalbek,Siret Hanna
Baalbek-El Hermel,Baalbek,Slouqi
Baalbek-El Hermel,Baalbek,Taibe Baalbek
Baalbek-El Hermel,Baalbek,Talia
Baalbek-El Hermel,Baalbek,Tall Sougha
Baalbek-El Hermel,Baalbek,Tallet ed Deir
Baalbek-El Hermel,Baalbek,Tammine et Tahta
Baalbek-El Hermel,Baalbek,Tamnine El Faouqa
Baalbek-El Hermel,Baalbek,Taraiya
Baalbek-El Hermel,Baalbek,Tfail
Baalbek-El Hermel,Baalbek,Toufiqiye
Baalbek-El Hermel,Baalbek,Wadi el Assouad
Baalbek-El Hermel,Baalbek,Wadi el Oss
Baalbek-El Hermel,Baalbek,Yahfoufa
Baalbek-El Hermel,Baalbek,Yammoune
Baalbek-El Hermel,Baalbek,Younine
Baalbek-El Hermel,Baalbek,Zabboud
Baalbek-El Hermel,Baalbek,Zarayeb
Baalbek-El Hermel,Baalbek,Zarayeb Choukr
Baalbek-El Hermel,Baalbek,Zeribet es Sabha
Baalbek-El Hermel,Baalbek,Zrazir
Baalbek-El Hermel,El Hermel,Aaqabe
Baalbek-El Hermel,El Hermel,Ain al Jadideh
Baalbek-El Hermel,El Hermel,Ain el bayda
Baalbek-El Hermel,El Hermel,Bdita
Baalbek-El Hermel,El Hermel,Beit Aallam
Baalbek-El Hermel,El Hermel,Beit Aallaou
Baalbek-El Hermel,El Hermel,Beit es Semmaqa
Baalbek-El Hermel,El Hermel,Beit Hira
Baalbek-El Hermel,El Hermel,Berghoch
Baalbek-El Hermel,El Hermel,Biyout Aawad
Baalbek-El Hermel,El Hermel,Biyout el Ain
Baalbek-El Hermel,El Hermel,Biyout el Hajj Hassan
Baalbek-El Hermel,El Hermel,Biyout er Rouais
Baalbek-El Hermel,El Hermel,Biyout es Souh
Baalbek-El Hermel,El Hermel,Bou Sawaya
Baalbek-El Hermel,El Hermel,Bouaida
Baalbek-El Hermel,El Hermel,Boustane
Baalbek-El Hermel,El Hermel,Breij
Baalbek-El Hermel,El Hermel,Brissa
Baalbek-El Hermel,El Hermel,Charbine
Baalbek-El Hermel,El Hermel,Chouaghir
Baalbek-El Hermel,El Hermel,Ed Daoura el hermel
Baalbek-El Hermel,El Hermel,El Baaoul
Baalbek-El Hermel,El Hermel,El Mdawesh
Baalbek-El Hermel,El Hermel,El Ouaqf
Baalbek-El Hermel,El Hermel,El Qraita
Baalbek-El Hermel,El Hermel,Es Souaidiye
Baalbek-El Hermel,El Hermel,Faara
Baalbek-El Hermel,El Hermel,Fissane
Baalbek-El Hermel,El Hermel,Haouch Es Saiyad Aali
Baalbek-El Hermel,El Hermel,Haouchariye
Baalbek-El Hermel,El Hermel,Haret El Maasser
Baalbek-El Hermel,El Hermel,Hariqa el hermel
Baalbek-El Hermel,El Hermel,Hawch Beit Ismail
Baalbek-El Hermel,El Hermel,Hermel
Baalbek-El Hermel,El Hermel,Hermel Jbab
Baalbek-El Hermel,El Hermel,Hmaire
Baalbek-El Hermel,El Hermel,Jawz
Baalbek-El Hermel,El Hermel,Jisr el Aassi
Baalbek-El Hermel,El Hermel,Jouar El Hachich
Baalbek-El Hermel,El Hermel,Jouret el Mzar
Baalbek-El Hermel,El Hermel,Kouakh
Baalbek-El Hermel,El Hermel,Maaisr
Baalbek-El Hermel,El Hermel,Mansoureh
Baalbek-El Hermel,El Hermel,Marj Hine
Baalbek-El Hermel,El Hermel,Mazraat Beit el Fqih
Baalbek-El Hermel,El Hermel,Mazraat Beit Et Tachm
Baalbek-El Hermel,El Hermel,Mazraat Et Talle
Baalbek-El Hermel,El Hermel,Mnaira
Baalbek-El Hermel,El Hermel,Mrah Aabbas
Baalbek-El Hermel,El Hermel,Mrah Beit Aalaoui
Baalbek-El Hermel,El Hermel,Mrah Bou Kamar al Dine
Baalbek-El Hermel,El Hermel,Mrah Ech Chaab
Baalbek-El Hermel,El Hermel,Mrah ech Charqi
Baalbek-El Hermel,El Hermel,Mrah ech Chnain
Baalbek-El Hermel,El Hermel,Mrah el Aaqabe
Baalbek-El Hermel,El Hermel,Mrah El Ain
Baalbek-El Hermel,El Hermel,Mrah el Arab
Baalbek-El Hermel,El Hermel,Mrah El Dalil
Baalbek-El Hermel,El Hermel,Mrah el Gharbi
Baalbek-El Hermel,El Hermel,Mrah el Mahlise
Baalbek-El Hermel,El Hermel,Mrah El Mouchref
Baalbek-El Hermel,El Hermel,Mrah El Mougher
Baalbek-El Hermel,El Hermel,Mrah el Qorne
Baalbek-El Hermel,El Hermel,Mrah el Qraita
Baalbek-El Hermel,El Hermel,Mrah es Siyaid
Baalbek-El Hermel,El Hermel,Mrah esh Shmis
Baalbek-El Hermel,El Hermel,Mrah Ez Zakbe
Baalbek-El Hermel,El Hermel,Mrah Houssain Taane
Baalbek-El Hermel,El Hermel,Mrah Naaouas
Baalbek-El Hermel,El Hermel,Mrah Sejoud
Baalbek-El Hermel,El Hermel,Mrah Yassine
Baalbek-El Hermel,El Hermel,Nasriye
Baalbek-El Hermel,El Hermel,Ouadi en Nayra
Baalbek-El Hermel,El Hermel,Ouadi Er Ratle
Baalbek-El Hermel,El Hermel,Ouadi et Tourkmane
Baalbek-El Hermel,El Hermel,Qanafez
Baalbek-El Hermel,El Hermel,Qasr
Baalbek-El Hermel,El Hermel,Quadi el Karm
Baalbek-El Hermel,El Hermel,Ras Baalbek el Gharbi
Baalbek-El Hermel,El Hermel,Ras Baalbek Ouadi Faara
Baalbek-El Hermel,El Hermel,Salhat El Ma
Baalbek-El Hermel,El Hermel,Sharbine el Faouqa
Baalbek-El Hermel,El Hermel,Souaisse
Baalbek-El Hermel,El Hermel,Tall El far
Baalbek-El Hermel,El Hermel,Wadi Bnit
Baalbek-El Hermel,El Hermel,Wadi Faara
Baalbek-El Hermel,El Hermel,Zighrine
Baalbek-El Hermel,El Hermel,Zighrine Et Tahta
Baalbek-El Hermel,El Hermel,Zouaitini Zighrine
Beirut,Beirut,Aadlyeh
Beirut,Beirut,Achrafiye
Beirut,Beirut,Ain El Tine
Beirut,Beirut,Ain Mreisse
Beirut,Beirut,Al Hikmat
Beirut,Beirut,Bab Idriss
Beirut,Beirut,Bachoura
Beirut,Beirut,Basta Faouka
Beirut,Beirut,Basta Tahta
Beirut,Beirut,Beirut
Beirut,Beirut,Beirut Central District
Beirut,Beirut,Bourj Abi Haidar
Beirut,Beirut,Champ de courses
Beirut,Beirut,Corniche El Naher
Beirut,Beirut,Dar Al Fatwa
Beirut,Beirut,Ej Jeitaoui
Beirut,Beirut,El Aamliye
Beirut,Beirut,El Ghabe
Beirut,Beirut,El Hamra
Beirut,Beirut,El Horge
Beirut,Beirut,El Majidiye Beirut
Beirut,Beirut,El Manara
Beirut,Beirut,El Wata
Beirut,Beirut,El Zarif
Beirut,Beirut,Fourn el Hayek
Beirut,Beirut,Gemmayze
Beirut,Beirut,Grand Serail
Beirut,Beirut,Hotel Dieu
Beirut,Beirut,Jamia
Beirut,Beirut,Jisr
Beirut,Beirut,Jounblat
Beirut,Beirut,Khodr
Beirut,Beirut,La Sagesse
Beirut,Beirut,Malaab
Beirut,Beirut,Manara
Beirut,Beirut,Mar Elias
Beirut,Beirut,Mar Maroun
Beirut,Beirut,Mar Mitr
Beirut,Beirut,Mar Mkhayel
Beirut,Beirut,Mar Nqoula
Beirut,Beirut,Marfaa
Beirut,Beirut,Mazraa
Beirut,Beirut,Medouar
Beirut,Beirut,Minet el Hosn
Beirut,Beirut,Moussaitbe
Beirut,Beirut,Moustachfa er Roum
Beirut,Beirut,Najmeh
Beirut,Beirut,Nasra
Beirut,Beirut,Palais De Justice
Beirut,Beirut,Parc
Beirut,Beirut,Patriarcat
Beirut,Beirut,Place de l'Etoile
Beirut,Beirut,Qantari
Beirut,Beirut,Qobaiyat
Beirut,Beirut,Qoraitem
Beirut,Beirut,Ramlet el Bayda
Beirut,Beirut,Raoucheh
Beirut,Beirut,Ras Beirut
Beirut,Beirut,Ras El Nabaa
Beirut,Beirut,Remeil
Beirut,Beirut,Saife
Beirut,Beirut,Sanayeh
Beirut,Beirut,Sioufi
Beirut,Beirut,Snoubra
Beirut,Beirut,Tallet Druze
Beirut,Beirut,Tallet el Khayat
Beirut,Beirut,Tariq El Jdide
Beirut,Beirut,Unesco
Beirut,Beirut,Universite Americaine
Beirut,Beirut,Universite St Joseph
Beirut,Beirut,Zoqaq el Blat
Bekaa,Rachaya,Aaiha
Bekaa,Rachaya,Aaqbe
Bekaa,Rachaya,Aaz el Aarab
Bekaa,Rachaya,Ain Aarab
Bekaa,Rachaya,Ain Aata
Bekaa,Rachaya,Ain Hircha
Bekaa,Rachaya,Aita el Foukhar
Bekaa,Rachaya,Bakka
Bekaa,Rachaya,Bakkifa
Bekaa,Rachaya,Bayader el Aadas
Bekaa,Rachaya,Beit Lahia
Bekaa,Rachaya,Bire rachaya
Bekaa,Rachaya,Dahr el Ahmar
Bekaa,Rachaya,Deir el Aachayer
Bekaa,Rachaya,El Faqaa
Bekaa,Rachaya,En Nabi Safa
Bekaa,Rachaya,Haloua
Bekaa,Rachaya,Haouch El Qinnabeh
Bekaa,Rachaya,Haret el Kaouasbe
Bekaa,Rachaya,Jebb Farah
Bekaa,Rachaya,Kaoukaba
Bekaa,Rachaya,Kfar Danis
Bekaa,Rachaya,Kfar Mechki
Bekaa,Rachaya,Kfar Qouq
Bekaa,Rachaya,Khirbet Rouha
Bekaa,Rachaya,Majdal Balhis
Bekaa,Rachaya,Marj es Simah
Bekaa,Rachaya,Mazraat Aazzi
Bekaa,Rachaya,Mazraat Ain Qeniye
Bekaa,Rachaya,Mazraat Deir el Aachaiyer
Bekaa,Rachaya,Mazraat el Qalioun
Bekaa,Rachaya,Mazraat Jaafar
Bekaa,Rachaya,Mazret Al Chmis
Bekaa,Rachaya,Mdoukha
Bekaa,Rachaya,Mhaidse
Bekaa,Rachaya,Qnaabe
Bekaa,Rachaya,Rachaiya
Bekaa,Rachaya,Rafid
Bekaa,Rachaya,Selsata Mazraat Dier el Aachayer
Bekaa,Rachaya,Tannoura
Bekaa,Rachaya,Yanta
Bekaa,West Bekaa,Aammiq
Bekaa,West Bekaa,Aana
Bekaa,West Bekaa,Ain et Tine West Bekaa
Bekaa,West Bekaa,Ain Zebde
Bekaa,West Bekaa,Aitanit
Bekaa,West Bekaa,Al-Wakf
Bekaa,West Bekaa,Baaloul
Bekaa,West Bekaa,Bab Maraa
Bekaa,West Bekaa,Chebreqiyet Aammiq
Bekaa,West Bekaa,Dakoue
Bekaa,West Bekaa,Deir Ain ej Jaouze
Bekaa,West Bekaa,Deir Tahnich
Bekaa,West Bekaa,El Jezire
Bekaa,West Bekaa,El Marj
Bekaa,West Bekaa,Ghazze
Bekaa,West Bekaa,Hammara
Bekaa,West Bekaa,Harime es Soughra
Bekaa,West Bekaa,Houch Aammiq
Bekaa,West Bekaa,Houch el Harime
Bekaa,West Bekaa,Houch es Saalouk
Bekaa,West Bekaa,Joub Jannine
Bekaa,West Bekaa,Kafraiya West Bekaa
Bekaa,West Bekaa,Kamed el Laouz
Bekaa,West Bekaa,Khiara
Bekaa,West Bekaa,Khiara el Aatiqa
Bekaa,West Bekaa,Khirbet Qanafar
Bekaa,West Bekaa,Lala
Bekaa,West Bekaa,Libbaya
Bekaa,West Bekaa,Loussia
Bekaa,West Bekaa,Machgara
Bekaa,West Bekaa,Mansoura
Bekaa,West Bekaa,Meidoun
Bekaa,West Bekaa,Nabaa el Khraizat
Bekaa,West Bekaa,Qaraoun
Bekaa,West Bekaa,Qillaya
Bekaa,West Bekaa,Raouda Istabl
Bekaa,West Bekaa,Saghbine
Bekaa,West Bekaa,Sohmor
Bekaa,West Bekaa,Souairi
Bekaa,West Bekaa,Soultan Yaaqoub Aradi
Bekaa,West Bekaa,Soultane Yaaqoub el Faouqa
Bekaa,West Bekaa,Soultane Yaaqoub el Tahta
Bekaa,West Bekaa,Tall ez Zaazeaa
Bekaa,West Bekaa,Tall Znoub
Bekaa,West Bekaa,Tall Znoub ej Jdide
Bekaa,West Bekaa,Yohmor West Bekaa
Bekaa,West Bekaa,Zellaya
Bekaa,Zahle,Aali en Nahri
Bekaa,Zahle,Ablah
Bekaa,Zahle,Ain el Ghmiqa
Bekaa,Zahle,Ain Kfar Zabad
Bekaa,Zahle,Al Faour
Bekaa,Zahle,Anjar
Bekaa,Zahle,Bar Elias
Bekaa,Zahle,Bayyadat
Bekaa,Zahle,Berbara zahle
Bekaa,Zahle,Bouarej
Bekaa,Zahle,Chamssine
Bekaa,Zahle,Chebrqiyet Tabet
Bekaa,Zahle,Chtaura
Bekaa,Zahle,Dahr al Harf
Bekaa,Zahle,Dahr Blait
Bekaa,Zahle,Dahr es Souane
Bekaa,Zahle,Dalhamiye
Bekaa,Zahle,Deir el Ghazal
Bekaa,Zahle,Deir Zenoun
Bekaa,Zahle,Er Ramtaniye
Bekaa,Zahle,Es Sraij
Bekaa,Zahle,Fourzol
Bekaa,Zahle,Hakl Hammana
Bekaa,Zahle,Haouch ed Dibs
Bekaa,Zahle,Haouch el Mendara
Bekaa,Zahle,Haouch el Oumara Aradi
Bekaa,Zahle,Haouch el Sayade
Bekaa,Zahle,Haouch Moussa Anjar
Bekaa,Zahle,Haret el Fikani
Bekaa,Zahle,Hazerta
Bekaa,Zahle,Hechmech
Bekaa,Zahle,Houch El-Ghanam
Bekaa,Zahle,Houch ez Zaraane
Bekaa,Zahle,Houch Hala
Bekaa,Zahle,Jdita
Bekaa,Zahle,Jlala
Bekaa,Zahle,Karak Nouh
Bekaa,Zahle,Kfar Zabad
Bekaa,Zahle,Koussaya
Bekaa,Zahle,Ksara
Bekaa,Zahle,MADINAT AL SINA'IYAT
Bekaa,Zahle,Majdel Anjar
Bekaa,Zahle,Mar Elias Zahle
Bekaa,Zahle,Masnaa Zahle
Bekaa,Zahle,Massa
Bekaa,Zahle,Mazraat el Mehqane
Bekaa,Zahle,Mazraat Zahle
Bekaa,Zahle,Meksi
Bekaa,Zahle,Mreijat
Bekaa,Zahle,Naassate
Bekaa,Zahle,Nabi Aila
Bekaa,Zahle,Nasriyet Rizq
Bekaa,Zahle,Nasriyet Zahle
Bekaa,Zahle,Niha zahle
Bekaa,Zahle,Ouadi ed Deloum
Bekaa,Zahle,Ouadi el Aarayech
Bekaa,Zahle,Qaa er Rim
Bekaa,Zahle,Qabb Elias
Bekaa,Zahle,Qarqoud
Bekaa,Zahle,Qeisser
Bekaa,Zahle,Qommol
Bekaa,Zahle,Raait
Bekaa,Zahle,Ras el Ain Zahle
Bekaa,Zahle,Rassiyeh
Bekaa,Zahle,Rayak
Bekaa,Zahle,Saadnayel
Bekaa,Zahle,Sahret el Qach
Bekaa,Zahle,Taalabaya
Bekaa,Zahle,Taanayel
Bekaa,Zahle,Tall el Akhdar
Bekaa,Zahle,Tcheflik Eddeh Haouch
Bekaa,Zahle,Tcheflik Qiqano
Bekaa,Zahle,Tell Chiha
Bekaa,Zahle,Tell el Aamara
Bekaa,Zahle,Terbol
Bekaa,Zahle,Touaite
Bekaa,Zahle,Zahle
Bekaa,Zahle,Zahle Mar Antonios
Bekaa,Zahle,Zahle Mar Gerges
Bekaa,Zahle,Zahle Saydet En Najat
Bekaa,Zahle,Zahle Aradi
Bekaa,Zahle,Zahle Maalaqa Aradi
Bekaa,Zahle,Zebdol
El Nabatieh,Bent Jbeil,Aainata
El Nabatieh,Bent Jbeil,Aaitaroun
El Nabatieh,Bent Jbeil,Aayta ej Jabal Zott
El Nabatieh,Bent Jbeil,Ain Ebel
El Nabatieh,Bent Jbeil,Aita Ech Chaab
El Nabatieh,Bent Jbeil,Beit Lif
El Nabatieh,Bent Jbeil,Beit Yahnoun
El Nabatieh,Bent Jbeil,Bent Jubail
El Nabatieh,Bent Jbeil,Bir es Sanassel
El Nabatieh,Bent Jbeil,Borj Qalaouiye
El Nabatieh,Bent Jbeil,Braachit
El Nabatieh,Bent Jbeil,Chaqra
El Nabatieh,Bent Jbeil,Debl Oummiya
El Nabatieh,Bent Jbeil,Deir Ntar
El Nabatieh,Bent Jbeil,Doubiye
El Nabatieh,Bent Jbeil,El Birke
El Nabatieh,Bent Jbeil,El Biyad
El Nabatieh,Bent Jbeil,Froun
El Nabatieh,Bent Jbeil,Ghandouriye Bent Jbeil
El Nabatieh,Bent Jbeil,Haddatha
El Nabatieh,Bent Jbeil,Hanine
El Nabatieh,Bent Jbeil,Hariss
El Nabatieh,Bent Jbeil,Hay el Jameaa
El Nabatieh,Bent Jbeil,Jmaijime
El Nabatieh,Bent Jbeil,Kafra Bent Jbeil
El Nabatieh,Bent Jbeil,Kfar Dounine
El Nabatieh,Bent Jbeil,Khirbit Silim
El Nabatieh,Bent Jbeil,Kounine
El Nabatieh,Bent Jbeil,Maroun er Ras
El Nabatieh,Bent Jbeil,Mazraat Aazze
El Nabatieh,Bent Jbeil,Qalaouiye
El Nabatieh,Bent Jbeil,Qaouzah
El Nabatieh,Bent Jbeil,Qatmoun
El Nabatieh,Bent Jbeil,Rachaf
El Nabatieh,Bent Jbeil,Ramiye
El Nabatieh,Bent Jbeil,Rmaich
El Nabatieh,Bent Jbeil,Safad el Battikh
El Nabatieh,Bent Jbeil,Salhani
El Nabatieh,Bent Jbeil,Soultaniye
El Nabatieh,Bent Jbeil,Sribbine
El Nabatieh,Bent Jbeil,Taire
El Nabatieh,Bent Jbeil,Tebnine
El Nabatieh,Bent Jbeil,Yaroun
El Nabatieh,Bent Jbeil,Yater
El Nabatieh,El Nabatieh,Aabba
El Nabatieh,El Nabatieh,Aadchit ech Chqif
El Nabatieh,El Nabatieh,Aali et Taher
El Nabatieh,El Nabatieh,Aarnoun
El Nabatieh,El Nabatieh,Aazze
El Nabatieh,El Nabatieh,Ain Qana
El Nabatieh,El Nabatieh,Arab Salim
El Nabatieh,El Nabatieh,Braiqaa
El Nabatieh,El Nabatieh,Charqiye
El Nabatieh,El Nabatieh,Choukine
El Nabatieh,El Nabatieh,Deir ez Zahrani
El Nabatieh,El Nabatieh,Doueir El Nabatieh
El Nabatieh,El Nabatieh,El Aaqide
El Nabatieh,El Nabatieh,El Bayad
El Nabatieh,El Nabatieh,El Midane
El Nabatieh,El Nabatieh,Es Serail
El Nabatieh,El Nabatieh,Habbouch
El Nabatieh,El Nabatieh,Hamra En-Nabattiyeh
El Nabatieh,El Nabatieh,Harouf
El Nabatieh,El Nabatieh,Hima Aarnoun
El Nabatieh,El Nabatieh,Hmaile
El Nabatieh,El Nabatieh,Houmine el Faouqa
El Nabatieh,El Nabatieh,Houmine et Tahta
El Nabatieh,El Nabatieh,Insar
El Nabatieh,El Nabatieh,Jaouhariye
El Nabatieh,El Nabatieh,Jarjouaa
El Nabatieh,El Nabatieh,Jbaa El Nabatieh
El Nabatieh,El Nabatieh,Jibchit
El Nabatieh,El Nabatieh,Kafra
El Nabatieh,El Nabatieh,Kfar Dajjal
El Nabatieh,El Nabatieh,Kfar Fila
El Nabatieh,El Nabatieh,Kfar Roummane
El Nabatieh,El Nabatieh,Kfar Sir
El Nabatieh,El Nabatieh,Kfar Tebnit
El Nabatieh,El Nabatieh,Kfaroue
El Nabatieh,El Nabatieh,Kfour El Nabatieh
El Nabatieh,El Nabatieh,Maifadoun
El Nabatieh,El Nabatieh,Manzleh
El Nabatieh,El Nabatieh,Mazraat Ain Bou Souar
El Nabatieh,El Nabatieh,Mazraat Bsafour
El Nabatieh,El Nabatieh,Mazraat Chelbael
El Nabatieh,El Nabatieh,Mazraat Dmoul
El Nabatieh,El Nabatieh,Mazraat el Baiyad
El Nabatieh,El Nabatieh,Mazraat el Khraibe
El Nabatieh,El Nabatieh,Mazraat Kfar ej Jouz
El Nabatieh,El Nabatieh,Mazraat Maqsam Aali et Taher
El Nabatieh,El Nabatieh,Mazraat Qalaat Meis
El Nabatieh,El Nabatieh,Nabatiye el Faouqa
El Nabatieh,El Nabatieh,Nabatiye el Tahta
El Nabatieh,El Nabatieh,Nmairiye
El Nabatieh,El Nabatieh,Qaaqaait ej Jisr
El Nabatieh,El Nabatieh,Qsaibe El Nabatieh
El Nabatieh,El Nabatieh,Roumine
El Nabatieh,El Nabatieh,Sarba El Nabatieh
El Nabatieh,El Nabatieh,Sir el Gharbiye
El Nabatieh,El Nabatieh,Toul
El Nabatieh,El Nabatieh,Yohmor
El Nabatieh,El Nabatieh,Zaoutar ech Charqiye
El Nabatieh,El Nabatieh,Zaoutar el Gharbiye
El Nabatieh,El Nabatieh,Zebdine El Nabatieh
El Nabatieh,El Nabatieh,Zefta
El Nabatieh,Hasbaya,Abou Qamha
El Nabatieh,Hasbaya,Ain Jerfa
El Nabatieh,Hasbaya,Ain Qenya
El Nabatieh,Hasbaya,Ain Tanta
El Nabatieh,Hasbaya,Ayn et Tine
El Nabatieh,Hasbaya,Bathaniye
El Nabatieh,Hasbaya,Berghoz
El Nabatieh,Hasbaya,Chebaa
El Nabatieh,Hasbaya,Chouaia
El Nabatieh,Hasbaya,Dehayrjate
El Nabatieh,Hasbaya,Dellafi
El Nabatieh,Hasbaya,El Majidiye
El Nabatieh,Hasbaya,Fardis
El Nabatieh,Hasbaya,Fashkoul
El Nabatieh,Hasbaya,Halta Hasbaya
El Nabatieh,Hasbaya,Hasbaiya
El Nabatieh,Hasbaya,Hebbariye
El Nabatieh,Hasbaya,Kaoukaba Hasbaya
El Nabatieh,Hasbaya,Kfair
El Nabatieh,Hasbaya,Kfar Chouba
El Nabatieh,Hasbaya,Kfar Hamam
El Nabatieh,Hasbaya,Khallet el Ghazale
El Nabatieh,Hasbaya,Khalouat el Biyada
El Nabatieh,Hasbaya,Khalouat Hasbaya
El Nabatieh,Hasbaya,Khirbet ed Dwayr
El Nabatieh,Hasbaya,Khraibe Hasbaya
El Nabatieh,Hasbaya,Mari
El Nabatieh,Hasbaya,Marj Ez Zouhour Dnaibe
El Nabatieh,Hasbaya,Mazraat Qafoua
El Nabatieh,Hasbaya,Mazraat Ras el Baidar
El Nabatieh,Hasbaya,Mimes
El Nabatieh,Hasbaya,Ouazzani
El Nabatieh,Hasbaya,Rachaiya el Foukhar
El Nabatieh,Hasbaya,Slaiyeb
El Nabatieh,Hasbaya,Tallet el Qaaqour
El Nabatieh,Hasbaya,Zaghla
El Nabatieh,Marjaayoun,MAZRAAT ZAIYEH
El Nabatieh,Marjaayoun,Aadaisse
El Nabatieh,Marjaayoun,Aadchit el Qoussair
El Nabatieh,Marjaayoun,Aalmane
El Nabatieh,Marjaayoun,Aamra
El Nabatieh,Marjaayoun,Aarab el Louaize
El Nabatieh,Marjaayoun,Ain Aarab Marjaayoun
El Nabatieh,Marjaayoun,Baiyouda
El Nabatieh,Marjaayoun,Beni Haiyane
El Nabatieh,Marjaayoun,Blat Marjaayoun
El Nabatieh,Marjaayoun,Blida
El Nabatieh,Marjaayoun,Borj El Mlouk
El Nabatieh,Marjaayoun,Deir Mimas
El Nabatieh,Marjaayoun,Deir Siriane
El Nabatieh,Marjaayoun,Dibbine
El Nabatieh,Marjaayoun,Houla
El Nabatieh,Marjaayoun,Houra
El Nabatieh,Marjaayoun,Ibl es Saqi
El Nabatieh,Marjaayoun,Jlali el Ghozlane
El Nabatieh,Marjaayoun,Kfar Kila
El Nabatieh,Marjaayoun,Khiam
El Nabatieh,Marjaayoun,Khirbe
El Nabatieh,Marjaayoun,Maissate
El Nabatieh,Marjaayoun,Majdel Silim
El Nabatieh,Marjaayoun,Marjaayoun
El Nabatieh,Marjaayoun,Markaba
El Nabatieh,Marjaayoun,Mazraat Doumiat
El Nabatieh,Marjaayoun,Mazraat ej Jreine
El Nabatieh,Marjaayoun,Mazraat Sahsahiye
El Nabatieh,Marjaayoun,Meiss ej Jabal
El Nabatieh,Marjaayoun,Mhaibib
El Nabatieh,Marjaayoun,Qabrikha
El Nabatieh,Marjaayoun,Qalaat Doubai
El Nabatieh,Marjaayoun,Qantara
El Nabatieh,Marjaayoun,Qlaiaa
El Nabatieh,Marjaayoun,Qsair
El Nabatieh,Marjaayoun,Rabb et Talatine
El Nabatieh,Marjaayoun,Sarda
El Nabatieh,Marjaayoun,Serail
El Nabatieh,Marjaayoun,Souane Marjaayoun
El Nabatieh,Marjaayoun,Taibe Marjaayoun
El Nabatieh,Marjaayoun,Tallouse
El Nabatieh,Marjaayoun,Touline
Mount Aley,Aabey
Mount Aley,Aaley ej Jdide
Mount Aley,Aamroussieh Choueifat
Mount Aley,Aaramoun
Mount Aley,Aazzouniye
Mount Aley,Ain Al Saydeh
Mount Aley,Ain Anoub
Mount Aley,Ain Dara
Mount Aley,Ain Drafil
Mount Aley,Ain ej Jdide
Mount Aley,Ain el Fraidis
Mount Aley,Ain el Halzoun
Mount Aley,Ain el Jaouze
Mount Aley,Ain el Marj
Mount Aley,Ain er Remmane
Mount Aley,Ain Hala
Mount Aley,Ain Ksour
Mount Aley,Ain Trez
Mount Aley,Ainab
Mount Aley,Aitat
Mount Aley,Aley
Mount Aley,Baaouerta
Mount Aley,Baissour
Mount Aley,Bchamoun
Mount Aley,Bdedoun
Mount Aley,Bedghane
Mount Aley,Bhamdoun ed Dayaa
Mount Aley,Bhamdoun el Mhatta
Mount Aley,Bhouara
Mount Aley,Bihat
Mount Aley,Bkhechtay
Mount Aley,Blaibel
Mount Aley,Bmahray
Mount Aley,Bmekkine
Mount Aley,Bnaiye
Mount Aley,Botros
Mount Aley,Bou Zraid
Mount Aley,Bou Zraide
Mount Aley,Bourdine
Mount Aley,Bsatine
Mount Aley,Bserrine
Mount Aley,Bsous
Mount Aley,Btalloun
Mount Aley,Btater
Mount Aley,Chamlikh
Mount Aley,Chanay
Mount Aley,Charoun
Mount Aley,Chartoun
Mount Aley,Chemlane
Mount Aley,Chqif Btalloun
Mount Aley,Dahr El Ouahch
Mount Aley,Daqqoun
Mount Aley,Deir Qoubil
Mount Aley,Dfoun
Mount Aley,Doueir er Remmane
Mount Aley,El Blat
Mount Aley,El Ftaihat
Mount Aley,El Ouata
Mount Aley,En Njassa
Mount Aley,Es Shwayfate
Mount Aley,Fsaqine
Mount Aley,Ghaboun
Mount Aley,Ghadir
Mount Aley,Habramoun
Mount Aley,Haret Chbib
Mount Aley,Haret el Mir
Mount Aley,Haret Salem
Mount Aley,Hay el Aarab
Mount Aley,Hay es Sellom
Mount Aley,Hay es Sindiane
Mount Aley,Homs Oua Hama
Mount Aley,Houmal
Mount Aley,Ighmid
Mount Aley,Jabal El Aarid
Mount Aley,Jisr el Qadi
Mount Aley,Kahale
Mount Aley,Kaifoun
Mount Aley,Kfar Aamaiy
Mount Aley,Kfar Matta
Mount Aley,Khalde
Mount Aley,Kliliye
Mount Aley,Maaroufiye
Mount Aley,Maasraiti
Mount Aley,Majdalaya
Mount Aley,Mansouriye bhamdoun
Mount Aley,Mantra
Mount Aley,Marj Chartoun
Mount Aley,Mazraat el Boueit
Mount Aley,Mazraat en Nahr
Mount Aley,Mechakhti
Mount Aley,Mechrefe
Mount Aley,Mejdel Baana
Mount Aley,Mounsa Aaley
Mount Aley,Mreijat Aley
Mount Aley,Oumara Choueifat
Mount Aley,Qabr Chamoun
Mount Aley,Qmatiye
Mount Aley,Qoubbe Choueifat
Mount Aley,Ram Bchamoun
Mount Aley,Ramliye
Mount Aley,Rechmaiya
Mount Aley,Rejme
Mount Aley,Remhala
Mount Aley,Rjoum
Mount Aley,Rouissat Sofar
Mount Aley,Rouisset en Naamane
Mount Aley,Sarahmoul
Mount Aley,Sibaal
Mount Aley,Sil
Mount Aley,Silfaya
Mount Aley,Sofar
Mount Aley,Souq el Gharb
Mount Aley,Taazniye
Mount Aley,Touayte Ain Dara
Mount Aley,Watiye
Mount Aley,Yinnar
Mount Baabda,Aabadiye
Mount Baabda,Aarbaniye
Mount Baabda,Abbdiyeh al Jadideh
Mount Baabda,Ain er Roummane
Mount Baabda,Ain es Sihha
Mount Baabda,Ain Mouaffaq
Mount Baabda,Arayia
Mount Baabda,Arsoun
Mount Baabda,Baabda
Mount Baabda,Baajour
Mount Baabda,Baalchmay
Mount Baabda,Baalchmay ej Jdide
Mount Baabda,Bhala
Mount Baabda,Bir el AAbed
Mount Baabda,Bir Hassan
Mount Baabda,Bmariam
Mount Baabda,Borj el Brajne
Mount Baabda,Boutchai
Mount Baabda,Brazilia
Mount Baabda,Bsaba & Ouadi Dlab
Mount Baabda,Btaaline
Mount Baabda,Btebyat
Mount Baabda,Btekhnay
Mount Baabda,Bzebdine
Mount Baabda,Chatila
Mount Baabda,Chbaniye
Mount Baabda,Chiayah
Mount Baabda,Chmaissa
Mount Baabda,Chouit
Mount Baabda,Cite Sportive
Mount Baabda,Dahr el Baidar
Mount Baabda,Deir el Harf
Mount Baabda,Deir Khouna
Mount Baabda,Deir Mar Elias
Mount Baabda,Deir Mar Youhanna
Mount Baabda,Deir Saiya
Mount Baabda,Dhour Al Aabaydiyeh
Mount Baabda,Dlaibe
Mount Baabda,El Baqle
Mount Baabda,El Maadan
Mount Baabda,El Marmah
Mount Baabda,El Mdaoura
Mount Baabda,El Ouzaai
Mount Baabda,Er Rihaniye
Mount Baabda,Er Rouais
Mount Baabda,Es Sheime
Mount Baabda,Et Tahouita
Mount Baabda,Ez Zire
Mount Baabda,Faiyadiye
Mount Baabda,Falougha
Mount Baabda,Fsakin
Mount Baabda,Furn ech Chebak
Mount Baabda,Ghobeire
Mount Baabda,Hadet
Mount Baabda,Hammana
Mount Baabda,Haql Hassan
Mount Baabda,Haret El Botm
Mount Baabda,Haret el Mjadle
Mount Baabda,Haret er Roum
Mount Baabda,Haret es Set
Mount Baabda,Haret Hamze
Mount Baabda,Haret Hraik
Mount Baabda,Hasbaiya el Metn
Mount Baabda,Hazmiye
Mount Baabda,Hlaliye
Mount Baabda,Jamhour
Mount Baabda,Jnah
Mount Baabda,Jouar el Haouz
Mount Baabda,Jouret Arsoun
Mount Baabda,Kahlouniye
Mount Baabda,Kfar Selouane
Mount Baabda,Kfarchima
Mount Baabda,Khalouat
Mount Baabda,Khraibe Baabda
Mount Baabda,Knisse
Mount Baabda,Lailake
Mount Baabda,Louaize
Mount Baabda,Mar Taqla
Mount Baabda,Mazzraat Maaissra
Mount Baabda,Mdeyrej
Mount Baabda,Merdache
Mount Baabda,Mraije
Mount Baabda,Mzayraa
Mount Baabda,Ouadi Chahrour el Olia
Mount Baabda,Ouadi Chahrour el Soufla
Mount Baabda,Qalaa
Mount Baabda,Qirtada
Mount Baabda,Qornayel
Mount Baabda,Qoubbeiaa
Mount Baabda,Qraiye
Mount Baabda,Qsaibe
Mount Baabda,Qtale
Mount Baabda,Ras el Harf
Mount Baabda,Ras el Metn
Mount Baabda,Rouaisset Salima
Mount Baabda,Rouisset el Ballout
Mount Baabda,Sabra
Mount Baabda,Salima Baabda
Mount Baabda,Saqi Ain el Hadath
Mount Baabda,Sibnay
Mount Baabda,Tahouitet el Ghadir
Mount Baabda,Tarchich
Mount Baabda,Warware
Mount Baabda,Yarzeh
Mount Baabda,Zandouqa
Mount Baabda,Zouaitini
Mount Chouf,Aalmane Ech Chouf
Mount Chouf,Aammatour
Mount Chouf,Aammiq chouf
Mount Chouf,Aanout
Mount Chouf,Aaqline
Mount Chouf,Aatrine
Mount Chouf,Aazibett tahta
Mount Chouf,Ain Aazime
Mount Chouf,Ain Bal
Mount Chouf,Ain El Assad
Mount Chouf,Ain el Haour
Mount Chouf,Ain Ouzain
Mount Chouf,Ain Qeni
Mount Chouf,Ain Zhalta
Mount Chouf,Almane ed Daiaa
Mount Chouf,Baadarane
Mount Chouf,Baal en Naame
Mount Chouf,Baaqline
Mount Chouf,Baasir
Mount Chouf,Bachqiye
Mount Chouf,Baiqoun
Mount Chouf,Baqaoun
Mount Chouf,Baqse
Mount Chouf,Barja
Mount Chouf,Barouk
Mount Chouf,Bater
Mount Chouf,Batloun
Mount Chouf,Bchatfine
Mount Chouf,Bchella Ech Chouf
Mount Chouf,Beit ed Dine
Mount Chouf,Benoeti
Mount Chouf,Bire
Mount Chouf,Bkechtine
Mount Chouf,Bkifa
Mount Chouf,Boqaata
Mount Chouf,Borjein
Mount Chouf,Boudine
Mount Chouf,Boutme
Mount Chouf,Bqaiaa
Mount Chouf,Brih
Mount Chouf,Bsaba
Mount Chouf,Bsennay
Mount Chouf,Bzina
Mount Chouf,Chhim
Mount Chouf,Chmaarine
Mount Chouf,Chmis chouf
Mount Chouf,Choualiq Deir El Qamar
Mount Chouf,Chourit
Mount Chouf,Dabche
Mount Chouf,Dahr ech Chqif
Mount Chouf,Dahr el Aaqline
Mount Chouf,Dahr el Mghara
Mount Chouf,Dalhoun
Mount Chouf,Damour
Mount Chouf,Daraiya
Mount Chouf,Dawha
Mount Chouf,Deir Baba
Mount Chouf,Deir Dourite
Mount Chouf,Deir El MKhales
Mount Chouf,Deir el Qamar
Mount Chouf,Deir er Rahbat
Mount Chouf,Deir es Saide
Mount Chouf,Deir Qouche
Mount Chouf,Delghani
Mount Chouf,Dhour Ain Al Haour
Mount Chouf,Dibbiye
Mount Chouf,Dmit
Mount Chouf,Douair Ed Dibbiye
Mount Chouf,Douair El Hara
Mount Chouf,Ech Charbine
Mount Chouf,Ed Dalhamiye
Mount Chouf,Ej Jreid
Mount Chouf,El Aaqbe joun
Mount Chouf,El Battal
Mount Chouf,El Kherbe
Mount Chouf,El Khraibe
Mount Chouf,El Meghraiqa
Mount Chouf,El Msayed
Mount Chouf,El Qateaa
Mount Chouf,Eskandarouna
Mount Chouf,Et Taamir
Mount Chouf,Faouarat Jaafar
Mount Chouf,Fraidiss
Mount Chouf,Ghabet Jaafar
Mount Chouf,Ghandouriye
Mount Chouf,Gharife
Mount Chouf,Haffet el Hajal
Mount Chouf,Halioune el Faouqa
Mount Chouf,Halioune et Tahta
Mount Chouf,Hamra Ed Damour
Mount Chouf,Hardouch
Mount Chouf,Haret Aalmane
Mount Chouf,Haret Baasir
Mount Chouf,Haret Beit Madi
Mount Chouf,Haret el Ouasta
Mount Chouf,Haret en Naame
Mount Chouf,Haret Jandal
Mount Chouf,Hasrout
Mount Chouf,Hjaijiye
Mount Chouf,Jadra
Mount Chouf,Jahliye
Mount Chouf,Jall Bou Haidar
Mount Chouf,Jamailiye
Mount Chouf,Jbaa
Mount Chouf,Jdaide chouf
Mount Chouf,Je'ayel
Mount Chouf,Jiblaye
Mount Chouf,Jiye
Mount Chouf,Jlailiye
Mount Chouf,Joun
Mount Chouf,Kahlouniye chouf
Mount Chouf,Ketermaya
Mount Chouf,Kfar Faqoud
Mount Chouf,Kfar Hai
Mount Chouf,Kfar Hamal
Mount Chouf,Kfar Him
Mount Chouf,Kfar Nabrakh
Mount Chouf,Kfar Niss
Mount Chouf,Kfar Qatra
Mount Chouf,Khalouat Jernaya
Mount Chouf,Khiam Ed Damour
Mount Chouf,Khirbet Dabach
Mount Chouf,Khirbit Bisri
Mount Chouf,Khraibe chouf
Mount Chouf,Knisse chouf
Mount Chouf,Lahbiye
Mount Chouf,Maaniye
Mount Chouf,Maaser Beit ed Dine
Mount Chouf,Maasser ech Chouf
Mount Chouf,Majdalouna
Mount Chouf,Majdel el Meouch
Mount Chouf,Maqsabe
Mount Chouf,Mar Mikheyel Ed Damour
Mount Chouf,Mar Taqla En Naame
Mount Chouf,Marj Aali
Mount Chouf,Marj Barja
Mount Chouf,Marj Ketermaya
Mount Chouf,Marjiat
Mount Chouf,Marjiat Borjein
Mount Chouf,Mazboud
Mount Chouf,Mazmoura
Mount Chouf,Mazraat ech Chouf
Mount Chouf,Mazraat ed Dahr
Mount Chouf,Mazraat ed Doueir
Mount Chouf,Mazraat El Barghoutiye
Mount Chouf,Mazraat er Rzaniye
Mount Chouf,Mazraat ez Zaitounniyeh
Mount Chouf,Mazraat Khafiche
Mount Chouf,Mechref
Mount Chouf,Mermata
Mount Chouf,Mghaire
Mount Chouf,Mghairiye Chouf
Mount Chouf,Mouhtaqara
Mount Chouf,Moukhtara
Mount Chouf,Mristi
Mount Chouf,Mtaile
Mount Chouf,Mtairiyat
Mount Chouf,Mtoulle
Mount Chouf,Naame
Mount Chouf,Nabaa es Safa
Mount Chouf,Nabi Younos
Mount Chouf,Niha
Mount Chouf,Ouadi Abou Youssef
Mount Chouf,Ouadi Bnahle
Mount Chouf,Ouadi Deir Dourit
Mount Chouf,Ouadi ed Deir
Mount Chouf,Ouadi es Sitt
Mount Chouf,Ouadi Ez Zeyni
Mount Chouf,Ouarhaniye
Mount Chouf,Qalaat el Hosn
Mount Chouf,Qalaat En Nimiri
Mount Chouf,Qassoube
Mount Chouf,Qraiaa
Mount Chouf,Quardaniye
Mount Chouf,Ras Aalous
Mount Chouf,Rmaile
Mount Chouf,Saadiyat
Mount Chouf,Sabouniye
Mount Chouf,Sahl Ej Jiye
Mount Chouf,Samqaniye
Mount Chouf,Saraouniye
Mount Chouf,Sibline
Mount Chouf,Sirjbal
Mount Chouf,Souane Bsaba
Mount Chouf,Traile
Mount Chouf,Zaarour
Mount Chouf,Zaarouriye
Mount El Meten,Aabdine
Mount El Meten,Aafs
Mount El Meten,Aairoun
Mount El Meten,Aammariye
Mount El Meten,Aaqbe Zalqa
Mount El Meten,Aaraar
Mount El Meten,Aatchane
Mount El Meten,Abou Mizane
Mount El Meten,Ain Aalaq
Mount El Meten,Ain Aar
Mount El Meten,Ain El Kharroube
Mount El Meten,Ain El Qabou
Mount El Meten,Ain el Qassis
Mount El Meten,Ain el-Kach
Mount El Meten,Ain Er Rihane el meten
Mount El Meten,Ain Es Safsaf el meten
Mount El Meten,Ain Es Sindiane
Mount El Meten,Ain et Toufaha
Mount El Meten,Ain Najm
Mount El Meten,Ain Saade
Mount El Meten,Ain Zaitoune
Mount El Meten,Aintoura el meten
Mount El Meten,Aiyoun
Mount El Meten,Antelias
Mount El Meten,Baabdat
Mount El Meten,Baaqrif
Mount El Meten,Balouaa
Mount El Meten,Baouchriye
Mount El Meten,Baskinta
Mount El Meten,Bchellama
Mount El Meten,Beit Chebab
Mount El Meten,Beit El Koukko
Mount El Meten,Beit Meri
Mount El Meten,Belle Vue
Mount El Meten,Beqaata En Nahr
Mount El Meten,Bhannes
Mount El Meten,Bhersaf
Mount El Meten,Biaqout
Mount El Meten,Bikfayia
Mount El Meten,Bnabil
Mount El Meten,Bolonia
Mount El Meten,Borj Hammoud
Mount El Meten,Bqennaya
Mount El Meten,Broumana
Mount El Meten,Bsalim
Mount El Meten,Bsatine Ain Saade
Mount El Meten,Bsifrine
Mount El Meten,Bteghrine
Mount El Meten,Chaouiye
Mount El Meten,Chbouq
Mount El Meten,Cherchar
Mount El Meten,Cherin
Mount El Meten,Chmis Antelias
Mount El Meten,Chouaiya
Mount El Meten,Choueir
Mount El Meten,Dahr Broummana
Mount El Meten,Dahr el Bacheq
Mount El Meten,Dahr el Hossein
Mount El Meten,Dahr Es Souane Meten
Mount El Meten,Daoura
Mount El Meten,Daychouniye
Mount El Meten,Dbaiye
Mount El Meten,Deir Chamra
Mount El Meten,Deir el Qalaa
Mount El Meten,Deir es Salib
Mount El Meten,Deir Ma Yohanna El Khenchara
Mount El Meten,Deir Mar Chaaya
Mount El Meten,Deir Mar Jergos
Mount El Meten,Deir Mar Simaane
Mount El Meten,Deir Tamich
Mount El Meten,Deir-er-Raai es Saleh
Mount El Meten,Dekouane
Mount El Meten,Delb
Mount El Meten,Dhour Ech Choueir
Mount El Meten,Dik El Mehdi
Mount El Meten,Douar
Mount El Meten,Ej Jouaniye
Mount El Meten,El Borj El Khenchara
Mount El Meten,El Braij Qornet Chahouane
Mount El Meten,El Firdaous
Mount El Meten,El Habach
Mount El Meten,El Loueize
Mount El Meten,El Machrah
Mount El Meten,El Manazil
Mount El Meten,El Qalaa
Mount El Meten,El Qalaa Sin el fil
Mount El Meten,En Naas
Mount El Meten,En Nabaa
Mount El Meten,Er Rabie
Mount El Meten,Er Raouda
Mount El Meten,Er Rouaisse
Mount El Meten,Et Tabche
Mount El Meten,Fanar
Mount El Meten,Fanar ej Jdid
Mount El Meten,Faouar
Mount El Meten,Faouar el meten
Mount El Meten,Fraike
Mount El Meten,Ghabe
Mount El Meten,Ghabet Bolonia
Mount El Meten,Gharouch
Mount El Meten,Hamlaya
Mount El Meten,Haret el Bellane
Mount El Meten,Haret el Cheikh
Mount El Meten,Haret El Ghouarni
Mount El Meten,Hbous
Mount El Meten,Horch Tabet
Mount El Meten,Jall Ed Dib
Mount El Meten,Jdaide el Meten
Mount El Meten,Jisr El Bacha
Mount El Meten,Jouar
Mount El Meten,Jouret El Ballout
Mount El Meten,Kafra El Meten
Mount El Meten,Kfar Aaqab
Mount El Meten,Kfartay
Mount El Meten,Khalle
Mount El Meten,Khenchara
Mount El Meten,Khirbit el Aadass
Mount El Meten,Ksayfiyeh
Mount El Meten,Machraa
Mount El Meten,Majdel Tarchich
Mount El Meten,Majzoub
Mount El Meten,Makhadet Nahr el Kalb
Mount El Meten,Mamboukh
Mount El Meten,Mansouriye
Mount El Meten,Mar Aabda el Mshammar
Mount El Meten,Mar Boutrous Karm El- Tine
Mount El Meten,Mar Mkhayel Bnabil
Mount El Meten,Mar Mousa Ed Daouar
Mount El Meten,Mar Roukoz
Mount El Meten,Marj Baskinta
Mount El Meten,Marjaba
Mount El Meten,Masqa
Mount El Meten,Mayasse
Mount El Meten,Mazraat Beit Ech Chaar
Mount El Meten,Mazraat Deir Aaoukar
Mount El Meten,Mazraat El Hdaira
Mount El Meten,Mazraat Yachoua
Mount El Meten,Mchaymcheh
Mount El Meten,Mcheikha
Mount El Meten,Mezher
Mount El Meten,Mhaydse
Mount El Meten,Mkalless
Mount El Meten,Montiverdi
Mount El Meten,Mountazah
Mount El Meten,Mrah Ghanem
Mount El Meten,Mrouj
Mount El Meten,Mtaileb
Mount El Meten,Mtein
Mount El Meten,Mzakke
Mount El Meten,Nabay
Mount El Meten,Naqqach
Mount El Meten,Ouadi Chahine
Mount El Meten,Ouadi ed Delb
Mount El Meten,Ouadi El Amine
Mount El Meten,Ouadi El Karm
Mount El Meten,Ouata El Mrouj
Mount El Meten,Qaaqour
Mount El Meten,Qanat Bakich
Mount El Meten,Qennabet Broummana
Mount El Meten,Qennabet Salima
Mount El Meten,Qnaitra El Meten
Mount El Meten,Qornet Chahouane
Mount El Meten,Qornet El Hamra
Mount El Meten,Qottara Aintouret
Mount El Meten,Raboue
Mount El Meten,Ramie
Mount El Meten,Raqayeq
Mount El Meten,Ras el Jdaide
Mount El Meten,Roumie
Mount El Meten,Sabtiye
Mount El Meten,Sad el Baouchriye
Mount El Meten,Sannine
Mount El Meten,Saqeit El Misk
Mount El Meten,Sfaile
Mount El Meten,sfaileh Bikfaya
Mount El Meten,Sijn ej Jdid
Mount El Meten,Sinn el Fil
Mount El Meten,Tall ez Zaatar
Mount El Meten,Wata Amaret Chalhoub
Mount El Meten,Zaaitriye
Mount El Meten,Zabbougha
Mount El Meten,Zaghrine El Meten
Mount El Meten,Zahriye El Meten
Mount El Meten,Zalqa
Mount El Meten,Zaraaoun
Mount El Meten,Zikrit
Mount El Meten,Zouk el Kharab
Mount Jbeil,Aabeidat
Mount Jbeil,Aaboud
Mount Jbeil,Aafs jbeil
Mount Jbeil,Aainat
Mount Jbeil,Aalita
Mount Jbeil,Aamchit
Mount Jbeil,Aannaya
Mount Jbeil,Aaouaini
Mount Jbeil,Aaqoura
Mount Jbeil,Aarab el Lahib
Mount Jbeil,Aarasta
Mount Jbeil,Aayoun el Aalaq
Mount Jbeil,Adonis
Mount Jbeil,Afqa
Mount Jbeil,Ain Bqechqoch
Mount Jbeil,Ain ed Deir
Mount Jbeil,Ain Ed Delbe Jbeil
Mount Jbeil,Ain el Ghouaibe
Mount Jbeil,Ain el Qadah
Mount Jbeil,Ain es Salib
Mount Jbeil,Ain Ghalboun
Mount Jbeil,Ain Jrain
Mount Jbeil,Ain Kfaa
Mount Jbeil,Almat ech Chemaliye
Mount Jbeil,Almat Ej Jnoubiye
Mount Jbeil,Aydamoun
Mount Jbeil,Baachta
Mount Jbeil,Balhoss
Mount Jbeil,Barbara
Mount Jbeil,Barij
Mount Jbeil,Bchelli
Mount Jbeil,Bechtelida
Mount Jbeil,Behdaidat
Mount Jbeil,Beit El Boume
Mount Jbeil,Beit Hbaq
Mount Jbeil,Bejje
Mount Jbeil,Bekhaaz
Mount Jbeil,Bekouane
Mount Jbeil,Bentaael
Mount Jbeil,Berket Hejoula
Mount Jbeil,Beziyoun
Mount Jbeil,Bhassis
Mount Jbeil,Bir El Hait
Mount Jbeil,Bkourkaz
Mount Jbeil,Blat
Mount Jbeil,Bmehrine
Mount Jbeil,Boaatara
Mount Jbeil,Bqarta
Mount Jbeil,Broqta
Mount Jbeil,Chaabiyat el Fawqa
Mount Jbeil,Chaloumas
Mount Jbeil,Chamat
Mount Jbeil,Charbine Mazraat Es Siyad
Mount Jbeil,Chekhnaya
Mount Jbeil,Chikhane
Mount Jbeil,Chmout
Mount Jbeil,Chouata
Mount Jbeil,Daouret Edde Jbayl
Mount Jbeil,Deir el Qattara
Mount Jbeil,Deir Mar Maroun
Mount Jbeil,Deir Mar Sarkis
Mount Jbeil,Dmalsa
Mount Jbeil,Douar Bou chahine
Mount Jbeil,Doueir
Mount Jbeil,Ed Darje
Mount Jbeil,Edde
Mount Jbeil,Ehmej
Mount Jbeil,El Aambra
Mount Jbeil,El Aarich
Mount Jbeil,El Barraniye
Mount Jbeil,El Bhayri
Mount Jbeil,El Biyade
Mount Jbeil,El Borj
Mount Jbeil,El Boustane
Mount Jbeil,El Houssoun
Mount Jbeil,El Hraifat
Mount Jbeil,El Marj Lassa
Mount Jbeil,El Mtolle
Mount Jbeil,El Owaynate
Mount Jbeil,El-Harf
Mount Jbeil,Ernaya
Mount Jbeil,Es Saqi
Mount Jbeil,Es Sare
Mount Jbeil,Fatre
Mount Jbeil,Ferhet
Mount Jbeil,Fghal
Mount Jbeil,Fidar
Mount Jbeil,Fidar el Faouqa
Mount Jbeil,Fidar Et Tahta
Mount Jbeil,Frat
Mount Jbeil,Ghabate
Mount Jbeil,Ghabline
Mount Jbeil,Ghalboun
Mount Jbeil,Gharfine
Mount Jbeil,Gharzouz
Mount Jbeil,Habboub
Mount Jbeil,Habil
Mount Jbeil,Halat
Mount Jbeil,Haqel
Mount Jbeil,Haqlet et Tine
Mount Jbeil,Hara Jbeil
Mount Jbeil,Harsha
Mount Jbeil,Hay El Aarbe
Mount Jbeil,Hay El Baalbakiye
Mount Jbeil,Hbalin
Mount Jbeil,Hedayne
Mount Jbeil,Heloue
Mount Jbeil,Hima Er Rehbane
Mount Jbeil,Hima Mar Maroun Aannaya
Mount Jbeil,Hjoula
Mount Jbeil,Hosn Aar
Mount Jbeil,Hosna
Mount Jbeil,Hosrayel
Mount Jbeil,Hourata
Mount Jbeil,Hrazmin
Mount Jbeil,Hsarat
Mount Jbeil,Jaj
Mount Jbeil,Janne
Mount Jbeil,Jbail
Mount Jbeil,Jdayel
Mount Jbeil,Jengel
Mount Jbeil,Jlaisse
Mount Jbeil,Jouret El Qattine
Mount Jbeil,Jrebta Jbeil
Mount Jbeil,Kafr
Mount Jbeil,Kelesh
Mount Jbeil,Kfar Chakha
Mount Jbeil,Kfar Chilli
Mount Jbeil,Kfar Hitta
Mount Jbeil,Kfar Kahli
Mount Jbeil,Kfar Kidda
Mount Jbeil,Kfar Mashoun
Mount Jbeil,Kfar Qaouass
Mount Jbeil,Kfar Sal
Mount Jbeil,Kfar Shabbouh
Mount Jbeil,Kfar Zbouna
Mount Jbeil,Kfarbaal
Mount Jbeil,Kfoun
Mount Jbeil,Khaab
Mount Jbeil,Khaabiya
Mount Jbeil,Kharbe
Mount Jbeil,Kour El Hooua
Mount Jbeil,Laqlouq
Mount Jbeil,Lassa
Mount Jbeil,Lehfed
Mount Jbeil,Maad
Mount Jbeil,Maaytiq
Mount Jbeil,Mahmarat Bejje
Mount Jbeil,Maifouq
Mount Jbeil,Majdel
Mount Jbeil,Malhoun
Mount Jbeil,Mar Meqna
Mount Jbeil,Marbaa
Mount Jbeil,Marj Mokhtara
Mount Jbeil,Mazraa Lassa
Mount Jbeil,Mazraat ej Jmaiyel
Mount Jbeil,Mazraat el Hajj Khalil
Mount Jbeil,Mazraat El Maadene
Mount Jbeil,Mazraat Es Siyad
Mount Jbeil,Mdamit
Mount Jbeil,Mechane
Mount Jbeil,Mechhellene
Mount Jbeil,MechMech Jbeil
Mount Jbeil,Meftah es Sellom
Mount Jbeil,Mestita
Mount Jbeil,Mghaira
Mount Jbeil,Mnaitra
Mount Jbeil,Monsef
Mount Jbeil,Mouftah el Mir
Mount Jbeil,Moukhada
Mount Jbeil,Mzarib
Mount Jbeil,Nabaa Tourzaiya
Mount Jbeil,Nahrh Ibrahim
Mount Jbeil,Naqour
Mount Jbeil,Ouata El Bane
Mount Jbeil,Ouata el bourj
Mount Jbeil,Ouata el Khirbe
Mount Jbeil,Qartaba
Mount Jbeil,Qartaboun
Mount Jbeil,Qass
Mount Jbeil,Qateaa
Mount Jbeil,Qattara
Mount Jbeil,Qehmez
Mount Jbeil,Qerqraiya
Mount Jbeil,Qeryaqous
Mount Jbeil,Ramiet el Hsoun
Mount Jbeil,Ramout
Mount Jbeil,Ras Osta
Mount Jbeil,Rihani
Mount Jbeil,Rouaiss
Mount Jbeil,Saqi Lassa
Mount Jbeil,Saqi Rechmaiya
Mount Jbeil,Saqiet ed Delb
Mount Jbeil,Saqiet el Khait
Mount Jbeil,Sariita
Mount Jbeil,Sbail
Mount Jbeil,Sebrine
Mount Jbeil,Serghol
Mount Jbeil,Sinnawr
Mount Jbeil,Sirine
Mount Jbeil,Slaiyeb Ghalboun
Mount Jbeil,Souane
Mount Jbeil,Souq el Firi
Mount Jbeil,Taht el Qalaa
Mount Jbeil,Talbita
Mount Jbeil,Tartij
Mount Jbeil,Tedmor
Mount Jbeil,Terouil
Mount Jbeil,Tourzaiya
Mount Jbeil,Wadi el Kalb
Mount Jbeil,Yanouh
Mount Jbeil,Zaayber
Mount Jbeil,Zebdine
Mount Jbeil,Zelhmaya
Mount Jbeil,Zmar
Mount Kesrwane,Aabri
Mount Kesrwane,Aachqout
Mount Kesrwane,Aafs kesrwane
Mount Kesrwane,Aajaltoun
Mount Kesrwane,Aarabe Ghosta
Mount Kesrwane,Aaramoun Kesrwane
Mount Kesrwane,Aayoun es Simane
Mount Kesrwane,Aazrane
Mount Kesrwane,Adonis Kesserwan
Mount Kesrwane,Aghbe
Mount Kesrwane,Ain Abaal
Mount Kesrwane,Ain Ed Delbe
Mount Kesrwane,Ain Ej Jorn
Mount Kesrwane,Ain Er Rihane
Mount Kesrwane,Ain Et Tannour
Mount Kesrwane,Ain Jouaiya
Mount Kesrwane,Aintoura
Mount Kesrwane,Ayn Es Safra
Mount Kesrwane,Bahhara
Mount Kesrwane,Balloune
Mount Kesrwane,Batha
Mount Kesrwane,Bayader Fatqa
Mount Kesrwane,Beit Eid
Mount Kesrwane,Beit El Kreidi
Mount Kesrwane,Beit Khachbou
Mount Kesrwane,Beqaatet Aachqout
Mount Kesrwane,Biqaatet Kannane
Mount Kesrwane,Bizhel
Mount Kesrwane,Bkirke
Mount Kesrwane,Blat Mazraat Kfar Dibiane
Mount Kesrwane,Bouar
Mount Kesrwane,Bqaatouta
Mount Kesrwane,Bqaq Ed Dine
Mount Kesrwane,Broummana Kfar Dibian
Mount Kesrwane,Bzoummar
Mount Kesrwane,Chaab
Mount Kesrwane,Chahtoul
Mount Kesrwane,Chehhara
Mount Kesrwane,Chnanaair
Mount Kesrwane,Chouaya
Mount Kesrwane,Chouene
Mount Kesrwane,Christ Roi
Mount Kesrwane,Daasse
Mount Kesrwane,Dahr Badris
Mount Kesrwane,Dahr el Qattine
Mount Kesrwane,Daraaoun
Mount Kesrwane,Darayia Kesrwane
Mount Kesrwane,Dayr Saydet el Haqle
Mount Kesrwane,Deir Baklouche
Mount Kesrwane,Deir Hrach
Mount Kesrwane,Deir Nisbey
Mount Kesrwane,Deir Ram Bou Daqen
Mount Kesrwane,Deir saydet Louaize
Mount Kesrwane,Deir Ziraaya
Mount Kesrwane,Delbta
Mount Kesrwane,Deraali
Mount Kesrwane,Dqarine
Mount Kesrwane,Ech Chqif Bqaatouta
Mount Kesrwane,Ed Dahr
Mount Kesrwane,Ed Dahr Ghbale
Mount Kesrwane,Ed Daoura Shaile
Mount Kesrwane,Edma et Dafne
Mount Kesrwane,Ej Jaayel
Mount Kesrwane,El Aaqaybe Kesrouane
Mount Kesrwane,El Aazra et el Aazr
Mount Kesrwane,El Ghouabi
Mount Kesrwane,El Hara Mairouba
Mount Kesrwane,El Kharayeb
Mount Kesrwane,El Kharayeb Dlebta
Mount Kesrwane,El Maaden
Mount Kesrwane,El Marji
Mount Kesrwane,El Massiaf
Mount Kesrwane,El Qacha
Mount Kesrwane,El Qarqouf
Mount Kesrwane,Es Salhiye Bezhel
Mount Kesrwane,Es Shoum Kfar Debiane
Mount Kesrwane,Es Slayekh
Mount Kesrwane,Es Souhoum
Mount Kesrwane,Esh Shahoute
Mount Kesrwane,Et Tarouaa
Mount Kesrwane,Ez Zaaytriye
Mount Kesrwane,Faitroun
Mount Kesrwane,Fanyoun
Mount Kesrwane,Faqra
Mount Kesrwane,Faraiya
Mount Kesrwane,Fatqa
Mount Kesrwane,Ftah Ech Chouha
Mount Kesrwane,Ftahate
Mount Kesrwane,Ghadir jounieh
Mount Kesrwane,Ghadras
Mount Kesrwane,Ghazir
Mount Kesrwane,Ghbale
Mount Kesrwane,Ghine
Mount Kesrwane,Ghoshraiya
Mount Kesrwane,Ghosta
Mount Kesrwane,Hakl Er Raiyess
Mount Kesrwane,Hamassiyat
Mount Kesrwane,Haret El Mir Zouk Mkayel
Mount Kesrwane,Haret Halane
Mount Kesrwane,Haret Sakher
Mount Kesrwane,Harharaya
Mount Kesrwane,Hariqa
Mount Kesrwane,Hariqa Chahtoul
Mount Kesrwane,Harissa
Mount Kesrwane,Hayata
Mount Kesrwane,Hilane
Mount Kesrwane,Hrajel
Mount Kesrwane,Hsayn
Mount Kesrwane,Jdaidet Ghazir
Mount Kesrwane,Jitta
Mount Kesrwane,Jouar El Baouechiq
Mount Kesrwane,Jouar El Hachich chahtoul
Mount Kesrwane,Jounieh
Mount Kesrwane,Jounieh Kaslik
Mount Kesrwane,Jouret Bedrane
Mount Kesrwane,Jouret Ed Dardour
Mount Kesrwane,Jouret Et Tormoss
Mount Kesrwane,Jouret Mghad
Mount Kesrwane,Kfar Hbab
Mount Kesrwane,Kfar Jrif
Mount Kesrwane,Kfardibiane
Mount Kesrwane,Kfarshihham
Mount Kesrwane,Kfaryassine
Mount Kesrwane,Kfour
Mount Kesrwane,Khalal
Mount Kesrwane,Khdayra
Mount Kesrwane,Ksayer
Mount Kesrwane,Maamelteine
Mount Kesrwane,Maarab
Mount Kesrwane,Maaysra
Mount Kesrwane,Mairouba
Mount Kesrwane,Mar Nouhra
Mount Kesrwane,Mashhat
Mount Kesrwane,Mazzarat Er Ras
Mount Kesrwane,Mchaa El Ftouh
Mount Kesrwane,Mchaa Faraya
Mount Kesrwane,Mchaa Kfar Dibian
Mount Kesrwane,Mchati
Mount Kesrwane,Mehqane el Mazloum
Mount Kesrwane,Mghayer
Mount Kesrwane,Mradiye
Mount Kesrwane,Mrah El Mir
Mount Kesrwane,Mreijet Kesserwan
Mount Kesrwane,Nabaa el Mghara
Mount Kesrwane,Nahr Ed Dahab
Mount Kesrwane,Nahr El Hussein
Mount Kesrwane,Nahr el Kalb
Mount Kesrwane,Nammoura
Mount Kesrwane,Nmoura
Mount Kesrwane,Ouata Ej Jaouz
Mount Kesrwane,Ouata el Laouz
Mount Kesrwane,Ouata Nahr El Kelb
Mount Kesrwane,Ouata Slam
Mount Kesrwane,Qalaa Kfardibiane
Mount Kesrwane,Qalaat Maarab
Mount Kesrwane,Qarqara
Mount Kesrwane,Qarqouf
Mount Kesrwane,Qarsa
Mount Kesrwane,Qattine
Mount Kesrwane,Qlaiaat
Mount Kesrwane,Qmayrze
Mount Kesrwane,Qouwale
Mount Kesrwane,Raashine
Mount Kesrwane,Raifoun
Mount Kesrwane,Ramiet Kfaryasin
Mount Kesrwane,Rihane Kesrwane
Mount Kesrwane,Safra kesrwane
Mount Kesrwane,Sahel Aalma
Mount Kesrwane,Saidet Bzoummar
Mount Kesrwane,Sarba
Mount Kesrwane,Shaile
Mount Kesrwane,Sirje
Mount Kesrwane,Snoubar
Mount Kesrwane,Tabarja
Mount Kesrwane,Talle
Mount Kesrwane,Wata Tabriye
Mount Kesrwane,Yahchouch
Mount Kesrwane,Zaaitra
Mount Kesrwane,Zayer
Mount Kesrwane,Zeitoun
Mount Kesrwane,Zleikat
Mount Kesrwane,Zouk Mosbeh
Mount Kesrwane,Zouq Mkayel
North,Bcharre,Aabdine Bcharre
North,Bcharre,Ariz
North,Bcharre,Bane
North,Bcharre,Barhalioun
North,Bcharre,Bazaoun
North,Bcharre,Bcharre
North,Bcharre,Beit Menzer
North,Bcharre,Billa
North,Bcharre,Blaouza
North,Bcharre,Bqaa Kafra
North,Bcharre,Bqerqacha
North,Bcharre,Braissat
North,Bcharre,Chira
North,Bcharre,Dimane
North,Bcharre,Hadchit
North,Bcharre,Hadet Ej jebbe
North,Bcharre,Hasroun
North,Bcharre,Kfar Saroun dimane
North,Bcharre,Mazraat Assaf
North,Bcharre,Mazraat Beni Saab
North,Bcharre,Mchaa ej Joubbeh
North,Bcharre,Moghr El Ahoual
North,Bcharre,Qnaiouer
North,Bcharre,Qnat
North,Bcharre,Tourza
North,Bcharre,Wadi Qannoubine
North,El Batroun,Aabdelle
North,El Batroun,Aabrine
North,El Batroun,Aalali
North,El Batroun,Aaoura
North,El Batroun,Aartez
North,El Batroun,Ain el Batie
North,El Batroun,Ain el Blat
North,El Batroun,Ain er Raha
North,El Batroun,Assia
North,El Batroun,Balaa
North,El Batroun,Barzakine
North,El Batroun,Basbina
North,El Batroun,Batroun
North,El Batroun,Bcheale
North,El Batroun,Bechtoudar-Aoura
North,El Batroun,Beit Chlala
North,El Batroun,Beit Kassab
North,El Batroun,Bijdarfel
North,El Batroun,Borj
North,El Batroun,Boustane El Aassi
North,El Batroun,Bqaiaa et Dahr Abi Yaghi
North,El Batroun,Bqosmaiya
North,El Batroun,Chabtine
North,El Batroun,Chatine
North,El Batroun,Chawi
North,El Batroun,Chekka
North,El Batroun,Chnata
North,El Batroun,Daael
North,El Batroun,Dahr Abi Yaghi
North,El Batroun,Dahr el Ghbare
North,El Batroun,Dahr El Qotlob
North,El Batroun,Dahr Mar Risha
North,El Batroun,Dawrat
North,El Batroun,Dayr Shouwah
North,El Batroun,Deir Billa
North,El Batroun,Deir Kfifane
North,El Batroun,Deir Mar Youhanna Douma
North,El Batroun,Deir Mar Youssef Jrabta
North,El Batroun,Derya
North,El Batroun,Douma
North,El Batroun,Douq
North,El Batroun,Edde el Batroun
North,El Batroun,El Aazeqa
North,El Batroun,El Hamra JRANE
North,El Batroun,El Harf
North,El Batroun,El Heri
North,El Batroun,El Khraize
North,El Batroun,El Midane Kfifane
North,El Batroun,El Qabaah
North,El Batroun,En Nahriye
North,El Batroun,Fadaous
North,El Batroun,Fehta
North,El Batroun,Ftahat
North,El Batroun,Ghouma
North,El Batroun,Hadtoun
North,El Batroun,Hai el Birke
North,El Batroun,Halta
North,El Batroun,Hamat
North,El Batroun,Hannouch
North,El Batroun,Harbouna
North,El Batroun,Hardine
North,El Batroun,Harissa el batroun
North,El Batroun,Hazrita
North,El Batroun,Hourata el batroun
North,El Batroun,Hrayek
North,El Batroun,Ijdabra
North,El Batroun,Jibla
North,El Batroun,Joundi
North,El Batroun,Jrane
North,El Batroun,Jrebta
North,El Batroun,Kandoula
North,El Batroun,Kfar Aabida
North,El Batroun,Kfar Chlaimane
North,El Batroun,Kfar Hatna
North,El Batroun,Kfar Hay
North,El Batroun,Kfar Helda
North,El Batroun,Kfarhollos
North,El Batroun,Kfifane
North,El Batroun,Kfour El Aarbi
North,El Batroun,Koubba
North,El Batroun,Kour
North,El Batroun,Madfoun
North,El Batroun,Mahmerch
North,El Batroun,Mar Mama
North,El Batroun,Mar Youhanna Maroun
North,El Batroun,Mar Youssef
North,El Batroun,Masrah
North,El Batroun,Mazraat Biyade
North,El Batroun,Meghrak
North,El Batroun,Mrah Chdid
North,El Batroun,Mrah El Haj
North,El Batroun,Mrah Ez Zaiat
North,El Batroun,Myle
North,El Batroun,Nabaa ej Jdid
North,El Batroun,Nahle batroun
North,El Batroun,Najmet es Sobh
North,El Batroun,Niha El Batroun
North,El Batroun,Ouadi ej Jord
North,El Batroun,Ouadi Tanourine Et Tahta
North,El Batroun,Ouata Haub
North,El Batroun,Qarnaoun
North,El Batroun,Qornet el Marj
North,El Batroun,Quajh El - Hajar
North,El Batroun,Racha
North,El Batroun,Rachana
North,El Batroun,Rachkida
North,El Batroun,Rachkidde
North,El Batroun,Ram el batroun
North,El Batroun,Ramate
North,El Batroun,Ras Bnaiya
North,El Batroun,Ras Ed Daouali
North,El Batroun,Ras Nahhach
North,El Batroun,Selaata
North,El Batroun,Sghar
North,El Batroun,Smar Jbail
North,El Batroun,Sourat
North,El Batroun,Ssel'aal
North,El Batroun,Tannourine el Faouqa
North,El Batroun,Tanourine Et Tahta
North,El Batroun,Thoum
North,El Batroun,Toula
North,El Batroun,Yarita
North,El Batroun,Zane
North,El Koura,DEIR EL BALAMAND
North,El Koura,KELBATA
North,El Koura,MJEYDIL KFAR HAZIR
North,El Koura,Aaba
North,El Koura,Aafsdiq
North,El Koura,Ain Aakrine
North,El Koura,Al-Hraiche
North,El Koura,Amioun
North,El Koura,Bahbouch
North,El Koura,Barghoun
North,El Koura,Barsa
North,El Koura,Batroumine
North,El Koura,Bdeihoun
North,El Koura,Bdibba
North,El Koura,Bechmizzine
North,El Koura,Bednayel el koura
North,El Koura,Bkeftine
North,El Koura,Bnehrane
North,El Koura,Bsarma
North,El Koura,Btaaboura
North,El Koura,Btouratij
North,El Koura,Btourram
North,El Koura,Bziza
North,El Koura,Dahr AlAin
North,El Koura,Dar Baachtar
North,El Koura,Dar Chmizzine
North,El Koura,Dedde
North,El Koura,El Aaqbe
North,El Koura,El Bahsas
North,El Koura,El Bqaiaa
North,El Koura,En Nakhle
North,El Koura,Enfe
North,El Koura,Fiaa
North,El Koura,Haret El KHASSEH
North,El Koura,Ijdabrine
North,El Koura,Jdeideh Berkacha
North,El Koura,Kaftoun
North,El Koura,Kefraiya
North,El Koura,Kfar Aaqqa
North,El Koura,Kfar Hata
North,El Koura,Kfar Hazir
North,El Koura,Kfar Qahel
North,El Koura,Kfar Saroun
North,El Koura,Kousba
North,El Koura,Majdel el Koura
North,El Koura,Metrit
North,El Koura,Oueta Fares
North,El Koura,Qalhat
North,El Koura,Ras Maska
North,El Koura,Ras Masqa Ech Chmaliye
North,El Koura,Ras Masqa Ej Jnoubiye
North,El Koura,Rechdibbine
North,El Koura,Zakroun
North,El Koura,Zakzouk
North,El Koura,Zgharta el Mtaouleh
North,El Minieh-Dennie,MAZRAAT KETRANE
North,El Minieh-Dennie,Aadoui
North,El Minieh-Dennie,Aassaimout
North,El Minieh-Dennie,Aassoun
North,El Minieh-Dennie,Abou Hamad
North,El Minieh-Dennie,Afqa El Minieh
North,El Minieh-Dennie,Ain es Safsaf
North,El Minieh-Dennie,Ain Et Tine
North,El Minieh-Dennie,Amar
North,El Minieh-Dennie,Azqey
North,El Minieh-Dennie,Baazqoun
North,El Minieh-Dennie,Bahsa
North,El Minieh-Dennie,Bakhaoun
North,El Minieh-Dennie,Bchennata
North,El Minieh-Dennie,Bechhara
North,El Minieh-Dennie,Bechtayel
North,El Minieh-Dennie,Behouaita
North,El Minieh-Dennie,Beit Bakkour
North,El Minieh-Dennie,Beit Daoud Izal
North,El Minieh-Dennie,Beit El Faqs
North,El Minieh-Dennie,Beit Haouik
North,El Minieh-Dennie,Beit Hasna
North,El Minieh-Dennie,Beit jida
North,El Minieh-Dennie,Beit Kanj
North,El Minieh-Dennie,Beit Moumne
North,El Minieh-Dennie,Beit Radouane
North,El Minieh-Dennie,Beit Zoud
North,El Minieh-Dennie,Bhannine El Minieh
North,El Minieh-Dennie,Borj El Yahoudiye
North,El Minieh-Dennie,Bqaa Safrin
North,El Minieh-Dennie,Bqarsouna
North,El Minieh-Dennie,Btahline
North,El Minieh-Dennie,Btellaiye
North,El Minieh-Dennie,Btermaz
North,El Minieh-Dennie,Chmis
North,El Minieh-Dennie,Dairaiya
North,El Minieh-Dennie,Debaal El Minieh
North,El Minieh-Dennie,Deir Amar
North,El Minieh-Dennie,Deir Nbouh
North,El Minieh-Dennie,Ech Chalout
North,El Minieh-Dennie,El Beddaoui
North,El Minieh-Dennie,El Hazmiye
North,El Minieh-Dennie,El Kharnoub
North,El Minieh-Dennie,El Medine ej jdide
North,El Minieh-Dennie,El Minie
North,El Minieh-Dennie,En Nabi Kzaiber
North,El Minieh-Dennie,En Nabi Youchaa
North,El Minieh-Dennie,Er Rihaniye El Minieh
North,El Minieh-Dennie,Es Snoubar
North,El Minieh-Dennie,Haoura
North,El Minieh-Dennie,Haql El Aazime
North,El Minieh-Dennie,Haqlit
North,El Minieh-Dennie,Harf es siyad
North,El Minieh-Dennie,Izal
North,El Minieh-Dennie,Jairoun
North,El Minieh-Dennie,Jarjour
North,El Minieh-Dennie,Kahf El - Malloul
North,El Minieh-Dennie,Karm El - Mohr
North,El Minieh-Dennie,Karm El Akhras
North,El Minieh-Dennie,Kfar Bebnine
North,El Minieh-Dennie,Kfar Chillane
North,El Minieh-Dennie,Kfar Habou
North,El Minieh-Dennie,Kharnoub
North,El Minieh-Dennie,Maassarati
North,El Minieh-Dennie,Markabta
North,El Minieh-Dennie,Mazraat Aartoussi
North,El Minieh-Dennie,MAZRAAT EL KREYM
North,El Minieh-Dennie,Mgharet ech Cheikh
North,El Minieh-Dennie,Moulid
North,El Minieh-Dennie,Mrah Es Sfire
North,El Minieh-Dennie,Mrah Es Sreij
North,El Minieh-Dennie,Mrebbine
North,El Minieh-Dennie,Nemrine
North,El Minieh-Dennie,Ouadi En Nahle
North,El Minieh-Dennie,Ouatiye
North,El Minieh-Dennie,Qarhaiya
North,El Minieh-Dennie,Qarn
North,El Minieh-Dennie,Qarsita
North,El Minieh-Dennie,Qattine El Minieh
North,El Minieh-Dennie,Qemmamine
North,El Minieh-Dennie,Qraine
North,El Minieh-Dennie,Raouda
North,El Minieh-Dennie,Sertouka
North,El Minieh-Dennie,Sfire
North,El Minieh-Dennie,Sir Ed Danniye
North,El Minieh-Dennie,Souaqi
North,El Minieh-Dennie,Tarane
North,El Minieh-Dennie,Terbol El Minieh
North,El Minieh-Dennie,Wadi en Njass
North,El Minieh-Dennie,Zghartighrine
North,El Minieh-Dennie,Zouq Bhannine
North,Tripoli,Abou Samra
North,Tripoli,Bab Al Ramel
North,Tripoli,Bahsas
North,Tripoli,Dam Wal Farz
North,Tripoli,Ed Debbagha
North,Tripoli,El Maloula
North,Tripoli,El Mina
North,Tripoli,Hadid
North,Tripoli,Hdadine
North,Tripoli,Jessrine
North,Tripoli,Mankoubin
North,Tripoli,Mhatreh
North,Tripoli,MINA 1
North,Tripoli,MINA 2
North,Tripoli,Mina Jardin
North,Tripoli,Noury
North,Tripoli,Qalamoun
North,Tripoli,Qoubbe
North,Tripoli,Rammanet
North,Tripoli,Shok
North,Tripoli,Souayqa
North,Tripoli,Tabbaneh
North,Tripoli,Tal
North,Tripoli,Trablous Jardins
North,Tripoli,Trablous Zeitoun
North,Tripoli,Tripoli
North,Tripoli,Zahrieh
North,Zgharta,IAAL
North,Zgharta,Aachach
North,Zgharta,Aalma
North,Zgharta,Aaqbet Sibaal
North,Zgharta,Aarbet Qozhaiya
North,Zgharta,Aardat
North,Zgharta,Aarjess
North,Zgharta,Ain Tourine
North,Zgharta,Aitou
North,Zgharta,Al Aaqbe
North,Zgharta,Arde
North,Zgharta,Aslout
North,Zgharta,Asnoun
North,Zgharta,Baslouqit
North,Zgharta,Bayader Rachaaine
North,Zgharta,Bchama
North,Zgharta,Bchannine
North,Zgharta,Beit Aabeid
North,Zgharta,Beit Aaoukar
North,Zgharta,Beit Barakat
North,Zgharta,Beit el Hraqsa
North,Zgharta,Beit Knaty
North,Zgharta,Bnechaai
North,Zgharta,Bouhairet Toula
North,Zgharta,Bousit
North,Zgharta,Bsebaal
North,Zgharta,Danha
North,Zgharta,Darayia
North,Zgharta,Ehden
North,Zgharta,Ejbeaa
North,Zgharta,El Hariq
North,Zgharta,El Houakir
North,Zgharta,El Khaldiye
North,Zgharta,El Qadriye
North,Zgharta,Er Rmaile
North,Zgharta,Et Talle
North,Zgharta,Fouwar zgharta
North,Zgharta,Fradis
North,Zgharta,Haouqa Et En Naher
North,Zgharta,Haret al Fouwar
North,Zgharta,Haret Ej Jdide Zgharta
North,Zgharta,Haret el Baklik
North,Zgharta,Harfe Arde
North,Zgharta,Hariq Zgharta
North,Zgharta,Harsoun Ej Jdide
North,Zgharta,Hilane zgharta
North,Zgharta,Hmais zgharta
North,Zgharta,Hraykess
North,Zgharta,Jdeide zgharta
North,Zgharta,Kaabouch
North,Zgharta,Kafar Zeina
North,Zgharta,Kafraiya zgharta
North,Zgharta,Karbribe
North,Zgharta,Karm Sadde
North,Zgharta,Kfar Chakhna
North,Zgharta,Kfar Dlaqous
North,Zgharta,Kfar Fou
North,Zgharta,Kfar Haoura
North,Zgharta,Kfar Hata
North,Zgharta,Kfar Sghab
North,Zgharta,Kfar Sghab
North,Zgharta,Kfar Yachit
North,Zgharta,Majdalaya zgharta
North,Zgharta,Mar Semaane
North,Zgharta,Mazraat Ejbeh
North,Zgharta,Mazraat Et Toufah
North,Zgharta,Mazraat Hraqs
North,Zgharta,Mazraat Jnaid
North,Zgharta,Mazret al Nahr
North,Zgharta,Miryata
North,Zgharta,Miziara
North,Zgharta,Qarah Bach
North,Zgharta,Qareit Sakhra
North,Zgharta,Rachaaine
North,Zgharta,Raskifa
North,Zgharta,Sahl Danha
North,Zgharta,Sakhra
North,Zgharta,Sanaallah
North,Zgharta,Sebaal
North,Zgharta,Seraal
North,Zgharta,Toula zgharta
North,Zgharta,Zgharta
South,Jezzine,Aadour
South,Jezzine,Aaichiye
South,Jezzine,Aaqmata
South,Jezzine,Aaramta
South,Jezzine,Aariye
South,Jezzine,Aarqoub
South,Jezzine,Aazour
South,Jezzine,Ain el Mir el Estabel
South,Jezzine,Ain et Taghra
South,Jezzine,Ain Majdalain
South,Jezzine,Anane
South,Jezzine,Azibeh
South,Jezzine,Baanoub
South,Jezzine,Baba
South,Jezzine,Baissour Jezzine
South,Jezzine,Benouati
South,Jezzine,Bhannine
South,Jezzine,Bisri
South,Jezzine,Biyad
South,Jezzine,Bkassine
South,Jezzine,Bouslaya
South,Jezzine,Bteddine el Loqch
South,Jezzine,Chamkha
South,Jezzine,Chbeil
South,Jezzine,Choualiq
South,Jezzine,Dahr ed Deir
South,Jezzine,Dahr er Ramle
South,Jezzine,Darayia Jezzine
South,Jezzine,Deir Chkedif
South,Jezzine,Deir El Qattine
South,Jezzine,Deir Machmouche
South,Jezzine,Deir Moukhalles
South,Jezzine,Dimechqiye
South,Jezzine,El Harf Jezzine
South,Jezzine,El Houraniye
South,Jezzine,El Msous
South,Jezzine,El Qabaa
South,Jezzine,Ghbatiye
South,Jezzine,Haidab
South,Jezzine,Haitoule
South,Jezzine,Haitoura
South,Jezzine,Haret el Bayder
South,Jezzine,Harf
South,Jezzine,Hassaniye
South,Jezzine,Homsiye
South,Jezzine,Jabal Toura
South,Jezzine,Jall Nachi
South,Jezzine,Jarmaq
South,Jezzine,Jdaidet el Ouadi
South,Jezzine,Jensnaya
South,Jezzine,Jernaya
South,Jezzine,Jezzine
South,Jezzine,Karkha
South,Jezzine,Kfar Falous
South,Jezzine,Kfar Houne
South,Jezzine,Kfar Jarra
South,Jezzine,Kfar Taala
South,Jezzine,Khallet Khazen
South,Jezzine,Khirkhaya
South,Jezzine,Lebaa
South,Jezzine,Louaiziye
South,Jezzine,Maarous el Branieh
South,Jezzine,Maarous el Jouanieh
South,Jezzine,Machmouche
South,Jezzine,Mahmoudiye Jezzine
South,Jezzine,Maknouniye
South,Jezzine,Mazraat Aarqoub
South,Jezzine,Mazraat Jabal Toura
South,Jezzine,Mazraat Tamra
South,Jezzine,Mazraat Aaqmata
South,Jezzine,Mazraat Aaraji
South,Jezzine,Mazraat Al Souairi
South,Jezzine,Mazraat el Btadiniye
South,Jezzine,Mazraat el Khaoukh
South,Jezzine,Mazraat el Mathane
South,Jezzine,Mazraat er Rohbane
South,Jezzine,Mazraat Louzyde
South,Jezzine,Mharbiye
South,Jezzine,Midane
South,Jezzine,Mjaydel
South,Jezzine,Mlikh
South,Jezzine,Mrah Abdu Chedid
South,Jezzine,Mrah El Hbas
South,Jezzine,Mrah Mghaibe
South,Jezzine,Mzairaa
South,Jezzine,Nabaa
South,Jezzine,Nabi Sejoud
South,Jezzine,Ouadi Baanqoudine
South,Jezzine,Ouadi el Leimoun
South,Jezzine,Ouardiye
South,Jezzine,Ouazaaiye
South,Jezzine,Qaitoule
South,Jezzine,Qotrani
South,Jezzine,Qrouh
South,Jezzine,Qtale Jezzine
South,Jezzine,Raimat
South,Jezzine,Rihane Jezzine
South,Jezzine,Roum
South,Jezzine,Roummane Jezzine
South,Jezzine,Rous El Franj
South,Jezzine,Sabah
South,Jezzine,Salima
South,Jezzine,Sejoud
South,Jezzine,Sfarai
South,Jezzine,Sidoun
South,Jezzine,Sniye
South,Jezzine,Sriri
South,Jezzine,Taaid
South,Jezzine,Tamra
South,Jezzine,Wadi Jezzine
South,Jezzine,Zaghrine Jezzine
South,Jezzine,Zhalta
South,Saida,Aabra
South,Saida,Aaddoussiye
South,Saida,Aadloun
South,Saida,Aanqoun
South,Saida,Aaqbiye
South,Saida,Aaqtanit
South,Saida,Aarnaba
South,Saida,Abou el Assouad
South,Saida,Ain Ed Delb
South,Saida,Ain el Hiloue
South,Saida,Arkey
South,Saida,Arzay
South,Saida,Babliye
South,Saida,Barti
South,Saida,Bissariyeh
South,Saida,Bnaafoul
South,Saida,Bqosta
South,Saida,Brak et Tall
South,Saida,Bramiye
South,Saida,Daoudiye
South,Saida,Darb es Sim
South,Saida,Deir Taqla
South,Saida,Dekerman
South,Saida,Dhour Darb es Sim
South,Saida,El Achrafiye
South,Saida,El Mahmoudiye
South,Saida,Er Rouayess
South,Saida,Ez Zahrani
South,Saida,Ghassaniye
South,Saida,Ghaziye
South,Saida,Hababiye
South,Saida,Hajje
South,Saida,Haret Saida
South,Saida,Hartai
South,Saida,Hlaliye Saida
South,Saida,Insariye
South,Saida,Jazire
South,Saida,Jdaide Arzai
South,Saida,Jinjlaya
South,Saida,Kafraiya
South,Saida,Kaouthariyet es Siyad
South,Saida,Kfar Badde
South,Saida,Kfar Beit
South,Saida,Kfar Chellal
South,Saida,Kfar Hatta
South,Saida,Kfar Melki Saida
South,Saida,Khannoussiye
South,Saida,Kharayeb Saida
South,Saida,Khartoum
South,Saida,Khaziz
South,Saida,Khirbet Ain el Qanater
South,Saida,Khirbet Bassal
South,Saida,Khirbet ed Daoueir
South,Saida,Loubiye
South,Saida,Maamriye
South,Saida,Maamriyet el Kharab
South,Saida,Maghdouche
South,Saida,Majdelyoun
South,Saida,Maqsam El JAOUHARI
South,Saida,Matariyet ech Choumar
South,Saida,Mazraat Aabboudiye
South,Saida,Mazraat Aarab ej Jall
South,Saida,Mazraat Ain el Qantara
South,Saida,Mazraat Arab Soukkar
South,Saida,Mazraat Arab Tobbaya
South,Saida,Mazraat ej Joudaye
South,Saida,Mazraat el Aite Niye
South,Saida,Mazraat el Daoudiye
South,Saida,Mazraat el Hsainiye
South,Saida,Mazraat el Ouasta
South,Saida,Mazraat el Yahoudiye
South,Saida,Mazraat Iskandarouna
South,Saida,Mazraat Jemjim
South,Saida,Mazraat Khaizarane
South,Saida,Mazraat Khoutaryet er Rezz
South,Saida,Mazraat Matariyet Jbaa
South,Saida,Mazraat Sekkaniye
South,Saida,Mazraat Sinai
South,Saida,Mazraat Zaita
South,Saida,Merouaniye
South,Saida,Mghairiye
South,Saida,Mhaidle
South,Saida,Miyeh ou Miyeh
South,Saida,Mrah Kiouane
South,Saida,Msaileh
South,Saida,Najjaryie
South,Saida,Oussamiyat
South,Saida,Qaaqaaii es Snoubar
South,Saida,Qennarit
South,Saida,Qiyaa
South,Saida,Qnaitra
South,Saida,Qraiye Saida
South,Saida,Saida
South,Saida,Saida Ed Dekermane
South,Saida,Saksakiye
South,Saida,Salhiye
South,Saida,Sarafand
South,Saida,Sari
South,Saida,Sfenti
South,Saida,Sinai
South,Saida,Snaiber
South,Saida,Tanbourit
South,Saida,Tebna
South,Saida,Toufahta
South,Saida,Wastani
South,Saida,Zaghdraiya
South,Saida,Zaita
South,Saida,Zrariye
South,Sour,Aabbassiye
South,Sour,Aaitit
South,Sour,Aalma ech Chaab
South,Sour,Aamrane
South,Sour,Aazziye
South,Sour,Abou Chach
South,Sour,Ain Abu Aabdalla
South,Sour,Ain Baal
South,Sour,Arzoun
South,Sour,Bafliye
South,Sour,Barich
South,Sour,Batouliye
South,Sour,Bazouriye
South,Sour,Bedias
South,Sour,Bestiyat
South,Sour,Biyad Sour
South,Sour,Borj ech Chmali
South,Sour,Borj el Haoua
South,Sour,Borj el Qibli
South,Sour,Borj Rahhal
South,Sour,Bourghliye
South,Sour,Boustane Sour
South,Sour,Btaichiye
South,Sour,Chaaitiyeh
South,Sour,Chabriha
South,Sour,Chahour
South,Sour,Chamaa
South,Sour,Charnaiye
South,Sour,Chehabiye
South,Sour,Chihine
South,Sour,Debaal
South,Sour,Deir Aamess
South,Sour,Deir Kifa
South,Sour,Deir Qanoun
South,Sour,Deir Qanoun en Nahr
South,Sour,Derdghaiya
South,Sour,Dhaira
South,Sour,Ech Choumara
South,Sour,Ed Dikiye
South,Sour,El Bass
South,Sour,El Biyada
South,Sour,El Borj En-Naqoura
South,Sour,El Kleile
South,Sour,El Ouardani
South,Sour,Er Rafid
South,Sour,Hallousiyet el Faouqa
South,Sour,Halloussiye
South,Sour,Hammadiye
South,Sour,Hamoul
South,Sour,Hannaouiye
South,Sour,Hanniye
South,Sour,Haumeiri
South,Sour,Iskandarouna Sour
South,Sour,Jannata
South,Sour,Jbal el Botm
South,Sour,Jebbain
South,Sour,Jijim
South,Sour,Jouaiya
South,Sour,Jour en Nakhl
South,Sour,Kfarnay
South,Sour,Knisse Sour
South,Sour,Labboune
South,Sour,Maachouq
South,Sour,Maaliye
South,Sour,Maarake
South,Sour,Maaroub
South,Sour,Machta El Aaziye
South,Sour,Mahrouneh
South,Sour,Majdel Zoun
South,Sour,Malkeit es Sahel
South,Sour,Mansouri
South,Sour,Marnaba
South,Sour,Marouahine
South,Sour,Matmoura
South,Sour,Mazraat Aaiye
South,Sour,Mazraat Ain ez Zarqa
South,Sour,Mazraat Biout es Siyad
South,Sour,Mazraat Bsaile
South,Sour,Mazraat Deir Hanna
South,Sour,Mazraat Mechref
South,Sour,Mheilib
South,Sour,Mjadel
South,Sour,Nabi Qassem
South,Sour,Naffakhiye
South,Sour,Naqoura
South,Sour,Niha Sour
South,Sour,Ouadi Jilou
South,Sour,Oum Toute
South,Sour,Qalaat Maroun
South,Sour,Qana
South,Sour,Qasmiye
South,Sour,Rachidiye
South,Sour,Ras el Ain
South,Sour,Rechkananey
South,Sour,Rmadiyeh
South,Sour,Salaa
South,Sour,Sammaaiye
South,Sour,Siddiqine
South,Sour,Sour
South,Sour,Srifa
South,Sour,Taibe Sour
South,Sour,Tair Debba
South,Sour,Tair Filsay
South,Sour,Tair Harfa
South,Sour,Tair Semhat
South,Sour,Tair Zebna
South,Sour,Touairi
South,Sour,Toura
South,Sour,Yarine
South,Sour,Ynouh
South,Sour,Zabqine
South,Sour,Zahriye
South,Sour,Zalloutiye