Turkey,Adana,,
Turkey,Adana,,
Turkey,Adana,,
Turkey,Adana,,
Turkey,Adana,,
Turkey,Adana,,
Turkey,Adana,,
Turkey,Adana,,
Turkey,Adana,,
Turkey,Adana,,
Turkey,Adana,,
Turkey,Adana,,
Turkey,Adana,,
Turkey,Adana,,
Turkey,Adana,,
Turkey,Adıyaman,,
Turkey,Adıyaman,,
Turkey,Adıyaman,,
Turkey,Adıyaman,,
Turkey,Adıyaman,,
Turkey,Adıyaman,,
Turkey,Adıyaman,,
Turkey,Adıyaman,,
Turkey,Adıyaman,,
Turkey,Afyonkarahisar,,
Turkey,Afyonkarahisar,,
Turkey,Afyonkarahisar,,
Turkey,Afyonkarahisar,,
Turkey,Afyonkarahisar,,
Turkey,Afyonkarahisar,,
Turkey,Afyonkarahisar,,
Turkey,Afyonkarahisar,,
Turkey,Afyonkarahisar,,
Turkey,Afyonkarahisar,,
Turkey,Afyonkarahisar,,
Turkey,Afyonkarahisar,,
Turkey,Afyonkarahisar,,
Turkey,Afyonkarahisar,,
Turkey,Afyonkarahisar,,
Turkey,Afyonkarahisar,,
Turkey,Afyonkarahisar,,
Turkey,Afyonkarahisar,,
Turkey,Ağrı,,
Turkey,Ağrı,,
Turkey,Ağrı,,
Turkey,Ağrı,,
Turkey,Ağrı,,
Turkey,Ağrı,,
Turkey,Ağrı,,
Turkey,Ağrı,,
Turkey,Amasya,,
Turkey,Amasya,,
Turkey,Amasya,,
Turkey,Amasya,,
Turkey,Amasya,,
Turkey,Amasya,,
Turkey,Amasya,,
Turkey,Ankara,,
Turkey,Ankara,,
Turkey,Ankara,,
Turkey,Ankara,,
Turkey,Ankara,,
Turkey,Ankara,,
Turkey,Ankara,,
Turkey,Ankara,,
Turkey,Ankara,,
Turkey,Ankara,,
Turkey,Ankara,,
Turkey,Ankara,,
Turkey,Ankara,,
Turkey,Ankara,,
Turkey,Ankara,,
Turkey,Ankara,,
Turkey,Ankara,,
Turkey,Ankara,,
Turkey,Ankara,,
Turkey,Ankara,,
Turkey,Ankara,,
Turkey,Ankara,,
Turkey,Ankara,,
Turkey,Ankara,,
Turkey,Ankara,,
Turkey,Antalya,,
Turkey,Antalya,,
Turkey,Antalya,,
Turkey,Antalya,,
Turkey,Antalya,,
Turkey,Antalya,,
Turkey,Antalya,,
Turkey,Antalya,,
Turkey,Antalya,,
Turkey,Antalya,,
Turkey,Antalya,,
Turkey,Antalya,,
Turkey,Antalya,,
Turkey,Antalya,,
Turkey,Antalya,,
Turkey,Antalya,,
Turkey,Antalya,,
Turkey,Antalya,,
Turkey,Antalya,,
Turkey,Antalya,,
Turkey,Artvin,,
Turkey,Artvin,,
Turkey,Artvin,,
Turkey,Artvin,,
Turkey,Artvin,,
Turkey,Artvin,,
Turkey,Artvin,,
Turkey,Artvin,,
Turkey,Aydın,,
Turkey,Aydın,,
Turkey,Aydın,,
Turkey,Aydın,,
Turkey,Aydın,,
Turkey,Aydın,,
Turkey,Aydın,,
Turkey,Aydın,,
Turkey,Aydın,,
Turkey,Aydın,,
Turkey,Aydın,,
Turkey,Aydın,,
Turkey,Aydın,,
Turkey,Aydın,,
Turkey,Aydın,,
Turkey,Aydın,,
Turkey,Aydın,,
Turkey,Aydın,,
Turkey,Balıkesir,,
Turkey,Balıkesir,,
Turkey,Balıkesir,,
Turkey,Balıkesir,,
Turkey,Balıkesir,,
Turkey,Balıkesir,,
Turkey,Balıkesir,,
Turkey,Balıkesir,,
Turkey,Balıkesir,,
Turkey,Balıkesir,,
Turkey,Balıkesir,,
Turkey,Balıkesir,,
Turkey,Balıkesir,,
Turkey,Balıkesir,,
Turkey,Balıkesir,,
Turkey,Balıkesir,,
Turkey,Balıkesir,,
Turkey,Balıkesir,,
Turkey,Balıkesir,,
Turkey,Balıkesir,,
Turkey,Balıkesir,,
Turkey,Bilecik,,
Turkey,Bilecik,,
Turkey,Bilecik,,
Turkey,Bilecik,,
Turkey,Bilecik,,
Turkey,Bilecik,,
Turkey,Bilecik,,
Turkey,Bilecik,,
Turkey,Bingöl,,
Turkey,Bingöl,,
Turkey,Bingöl,,
Turkey,Bingöl,,
Turkey,Bingöl,,
Turkey,Bingöl,,
Turkey,Bingöl,,
Turkey,Bingöl,,
Turkey,Bitlis,,
Turkey,Bitlis,,
Turkey,Bitlis,,
Turkey,Bitlis,,
Turkey,Bitlis,,
Turkey,Bitlis,,
Turkey,Bitlis,,
Turkey,Bolu,,
Turkey,Bolu,,
Turkey,Bolu,,
Turkey,Bolu,,
Turkey,Bolu,,
Turkey,Bolu,,
Turkey,Bolu,,
Turkey,Bolu,,
Turkey,Bolu,,
Turkey,Burdur,,
Turkey,Burdur,,
Turkey,Burdur,,
Turkey,Burdur,,
Turkey,Burdur,,
Turkey,Burdur,,
Turkey,Burdur,,
Turkey,Burdur,,
Turkey,Burdur,,
Turkey,Burdur,,
Turkey,Burdur,,
Turkey,Bursa,,
Turkey,Bursa,,
Turkey,Bursa,,
Turkey,Bursa,,
Turkey,Bursa,,
Turkey,Bursa,,
Turkey,Bursa,,
Turkey,Bursa,,
Turkey,Bursa,,
Turkey,Bursa,,
Turkey,Bursa,,
Turkey,Bursa,,
Turkey,Bursa,,
Turkey,Bursa,,
Turkey,Bursa,,
Turkey,Bursa,,
Turkey,Bursa,,
Turkey,Çanakkale,,
Turkey,Çanakkale,,
Turkey,Çanakkale,,
Turkey,Çanakkale,,
Turkey,Çanakkale,,
Turkey,Çanakkale,,
Turkey,Çanakkale,,
Turkey,Çanakkale,,
Turkey,Çanakkale,,
Turkey,Çanakkale,,
Turkey,Çanakkale,,
Turkey,Çanakkale,,
Turkey,Çankırı,,
Turkey,Çankırı,,
Turkey,Çankırı,,
Turkey,Çankırı,,
Turkey,Çankırı,,
Turkey,Çankırı,,
Turkey,Çankırı,,
Turkey,Çankırı,,
Turkey,Çankırı,,
Turkey,Çankırı,,
Turkey,Çankırı,,
Turkey,Çankırı,,
Turkey,Çorum,,
Turkey,Çorum,,
Turkey,Çorum,,
Turkey,Çorum,,
Turkey,Çorum,,
Turkey,Çorum,,
Turkey,Çorum,,
Turkey,Çorum,,
Turkey,Çorum,,
Turkey,Çorum,,
Turkey,Çorum,,
Turkey,Çorum,,
Turkey,Çorum,,
Turkey,Çorum,,
Turkey,Denizli,,
Turkey,Denizli,,
Turkey,Denizli,,
Turkey,Denizli,,
Turkey,Denizli,,
Turkey,Denizli,,
Turkey,Denizli,,
Turkey,Denizli,,
Turkey,Denizli,,
Turkey,Denizli,,
Turkey,Denizli,,
Turkey,Denizli,,
Turkey,Denizli,,
Turkey,Denizli,,
Turkey,Denizli,,
Turkey,Denizli,,
Turkey,Denizli,,
Turkey,Denizli,,
Turkey,Denizli,,
Turkey,Denizli,,
Turkey,Diyarbakır,,
Turkey,Diyarbakır,,
Turkey,Diyarbakır,,
Turkey,Diyarbakır,,
Turkey,Diyarbakır,,
Turkey,Diyarbakır,,
Turkey,Diyarbakır,,
Turkey,Diyarbakır,,
Turkey,Diyarbakır,,
Turkey,Diyarbakır,,
Turkey,Diyarbakır,,
Turkey,Diyarbakır,,
Turkey,Diyarbakır,,
Turkey,Diyarbakır,,
Turkey,Diyarbakır,,
Turkey,Diyarbakır,,
Turkey,Diyarbakır,,
Turkey,Diyarbakır,,
Turkey,Edirne,,
Turkey,Edirne,,
Turkey,Edirne,,
Turkey,Edirne,,
Turkey,Edirne,,
Turkey,Edirne,,
Turkey,Edirne,,
Turkey,Edirne,,
Turkey,Edirne,,
Turkey,Elazığ,,
Turkey,Elazığ,,
Turkey,Elazığ,,
Turkey,Elazığ,,
Turkey,Elazığ,,
Turkey,Elazığ,,
Turkey,Elazığ,,
Turkey,Elazığ,,
Turkey,Elazığ,,
Turkey,Elazığ,,
Turkey,Elazığ,,
Turkey,Erzincan,,
Turkey,Erzincan,,
Turkey,Erzincan,,
Turkey,Erzincan,,
Turkey,Erzincan,,
Turkey,Erzincan,,
Turkey,Erzincan,,
Turkey,Erzincan,,
Turkey,Erzincan,,
Turkey,Erzurum,,
Turkey,Erzurum,,
Turkey,Erzurum,,
Turkey,Erzurum,,
Turkey,Erzurum,,
Turkey,Erzurum,,
Turkey,Erzurum,,
Turkey,Erzurum,,
Turkey,Erzurum,,
Turkey,Erzurum,,
Turkey,Erzurum,,
Turkey,Erzurum,,
Turkey,Erzurum,,
Turkey,Erzurum,,
Turkey,Erzurum,,
Turkey,Erzurum,,
Turkey,Erzurum,,
Turkey,Erzurum,,
Turkey,Erzurum,,
Turkey,Erzurum,,
Turkey,Erzurum,,
Turkey,Eskişehir,,
Turkey,Eskişehir,,
Turkey,Eskişehir,,
Turkey,Eskişehir,,
Turkey,Eskişehir,,
Turkey,Eskişehir,,
Turkey,Eskişehir,,
Turkey,Eskişehir,,
Turkey,Eskişehir,,
Turkey,Eskişehir,,
Turkey,Eskişehir,,
Turkey,Eskişehir,,
Turkey,Eskişehir,,
Turkey,Eskişehir,,
Turkey,Eskişehir,,
Turkey,Gaziantep,,
Turkey,Gaziantep,,
Turkey,Gaziantep,,
Turkey,Gaziantep,,
Turkey,Gaziantep,,
Turkey,Gaziantep,,
Turkey,Gaziantep,,
Turkey,Gaziantep,,
Turkey,Gaziantep,,
Turkey,Giresun,,
Turkey,Giresun,,
Turkey,Giresun,,
Turkey,Giresun,,
Turkey,Giresun,,
Turkey,Giresun,,
Turkey,Giresun,,
Turkey,Giresun,,
Turkey,Giresun,,
Turkey,Giresun,,
Turkey,Giresun,,
Turkey,Giresun,,
Turkey,Giresun,,
Turkey,Giresun,,
Turkey,Giresun,,
Turkey,Giresun,,
Turkey,Hakkari,,
Turkey,Hakkari,,
Turkey,Hakkari,,
Turkey,Hakkari,,
Turkey,Hatay,,
Turkey,Hatay,,
Turkey,Hatay,,
Turkey,Hatay,,
Turkey,Hatay,,
Turkey,Hatay,,
Turkey,Hatay,,
Turkey,Hatay,,
Turkey,Hatay,,
Turkey,Hatay,,
Turkey,Hatay,,
Turkey,Hatay,,
Turkey,Hatay,,
Turkey,Hatay,,
Turkey,Hatay,,
Turkey,Hatay,,
Turkey,Isparta,,
Turkey,Isparta,,
Turkey,Isparta,,
Turkey,Isparta,,
Turkey,Isparta,,
Turkey,Isparta,,
Turkey,Isparta,,
Turkey,Isparta,,
Turkey,Isparta,,
Turkey,Isparta,,
Turkey,Isparta,,
Turkey,Isparta,,
Turkey,Isparta,,
Turkey,Mersin,,
Turkey,Mersin,,
Turkey,Mersin,,
Turkey,Mersin,,
Turkey,Mersin,,
Turkey,Mersin,,
Turkey,Mersin,,
Turkey,Mersin,,
Turkey,Mersin,,
Turkey,Mersin,,
Turkey,Mersin,,
Turkey,Mersin,,
Turkey,Mersin,,
Turkey,Mersin,,
Turkey,Kars,,
Turkey,Kars,,
Turkey,Kars,,
Turkey,Kars,,
Turkey,Kars,,
Turkey,Kars,,
Turkey,Kars,,
Turkey,Kars,,
Turkey,Kastamonu,,
Turkey,Kastamonu,,
Turkey,Kastamonu,,
Turkey,Kastamonu,,
Turkey,Kastamonu,,
Turkey,Kastamonu,,
Turkey,Kastamonu,,
Turkey,Kastamonu,,
Turkey,Kastamonu,,
Turkey,Kastamonu,,
Turkey,Kastamonu,,
Turkey,Kastamonu,,
Turkey,Kastamonu,,
Turkey,Kastamonu,,
Turkey,Kastamonu,,
Turkey,Kastamonu,,
Turkey,Kastamonu,,
Turkey,Kastamonu,,
Turkey,Kastamonu,,
Turkey,Kastamonu,,
Turkey,Kayseri,,
Turkey,Kayseri,,
Turkey,Kayseri,,
Turkey,Kayseri,,
Turkey,Kayseri,,
Turkey,Kayseri,,
Turkey,Kayseri,,
Turkey,Kayseri,,
Turkey,Kayseri,,
Turkey,Kayseri,,
Turkey,Kayseri,,
Turkey,Kayseri,,
Turkey,Kayseri,,
Turkey,Kayseri,,
Turkey,Kayseri,,
Turkey,Kayseri,,
Turkey,Kırklareli,,
Turkey,Kırklareli,,
Turkey,Kırklareli,,
Turkey,Kırklareli,,
Turkey,Kırklareli,,
Turkey,Kırklareli,,
Turkey,Kırklareli,,
Turkey,Kırklareli,,
Turkey,Kocaeli,,
Turkey,Kocaeli,,
Turkey,Kocaeli,,
Turkey,Kocaeli,,
Turkey,Kocaeli,,
Turkey,Kocaeli,,
Turkey,Kocaeli,,
Turkey,Kocaeli,,
Turkey,Kocaeli,,
Turkey,Kocaeli,,
Turkey,Kocaeli,,
Turkey,Kocaeli,,
Turkey,Kocaeli,,
Turkey,Konya,,
Turkey,Konya,,
Turkey,Konya,,
Turkey,Konya,,
Turkey,Konya,,
Turkey,Konya,,
Turkey,Konya,,
Turkey,Konya,,
Turkey,Konya,,
Turkey,Konya,,
Turkey,Konya,,
Turkey,Konya,,
Turkey,Konya,,
Turkey,Konya,,
Turkey,Konya,,
Turkey,Konya,,
Turkey,Konya,,
Turkey,Konya,,
Turkey,Konya,,
Turkey,Konya,,
Turkey,Konya,,
Turkey,Konya,,
Turkey,Konya,,
Turkey,Konya,,
Turkey,Konya,,
Turkey,Konya,,
Turkey,Konya,,
Turkey,Konya,,
Turkey,Konya,,
Turkey,Konya,,
Turkey,Konya,,
Turkey,Malatya,,
Turkey,Malatya,,
Turkey,Malatya,,
Turkey,Malatya,,
Turkey,Malatya,,
Turkey,Malatya,,
Turkey,Malatya,,
Turkey,Malatya,,
Turkey,Malatya,,
Turkey,Malatya,,
Turkey,Malatya,,
Turkey,Malatya,,
Turkey,Malatya,,
Turkey,Malatya,,
Turkey,Manisa,,
Turkey,Manisa,,
Turkey,Manisa,,
Turkey,Manisa,,
Turkey,Manisa,,
Turkey,Manisa,,
Turkey,Manisa,,
Turkey,Manisa,,
Turkey,Manisa,,
Turkey,Manisa,,
Turkey,Manisa,,
Turkey,Manisa,,
Turkey,Manisa,,
Turkey,Manisa,,
Turkey,Manisa,,
Turkey,Manisa,,
Turkey,Manisa,,
Turkey,Manisa,,
Turkey,Mardin,,
Turkey,Mardin,,
Turkey,Mardin,,
Turkey,Mardin,,
Turkey,Mardin,,
Turkey,Mardin,,
Turkey,Mardin,,
Turkey,Mardin,,
Turkey,Mardin,,
Turkey,Mardin,,
Turkey,Mardin,,
Turkey,Ordu,,
Turkey,Ordu,,
Turkey,Ordu,,
Turkey,Ordu,,
Turkey,Ordu,,
Turkey,Ordu,,
Turkey,Ordu,,
Turkey,Ordu,,
Turkey,Ordu,,
Turkey,Ordu,,
Turkey,Ordu,,
Turkey,Ordu,,
Turkey,Ordu,,
Turkey,Ordu,,
Turkey,Ordu,,
Turkey,Ordu,,
Turkey,Ordu,,
Turkey,Ordu,,
Turkey,Ordu,,
Turkey,Ordu,,
Turkey,Rize,,
Turkey,Rize,,
Turkey,Rize,,
Turkey,Rize,,
Turkey,Rize,,
Turkey,Rize,,
Turkey,Rize,,
Turkey,Rize,,
Turkey,Rize,,
Turkey,Rize,,
Turkey,Rize,,
Turkey,Rize,,
Turkey,Sakarya,,
Turkey,Sakarya,,
Turkey,Sakarya,,
Turkey,Sakarya,,
Turkey,Sakarya,,
Turkey,Sakarya,,
Turkey,Sakarya,,
Turkey,Sakarya,,
Turkey,Sakarya,,
Turkey,Sakarya,,
Turkey,Sakarya,,
Turkey,Sakarya,,
Turkey,Sakarya,,
Turkey,Sakarya,,
Turkey,Sakarya,,
Turkey,Sakarya,,
Turkey,Sakarya,,
Turkey,Samsun,,
Turkey,Samsun,,
Turkey,Samsun,,
Turkey,Samsun,,
Turkey,Samsun,,
Turkey,Samsun,,
Turkey,Samsun,,
Turkey,Samsun,,
Turkey,Samsun,,
Turkey,Samsun,,
Turkey,Samsun,,
Turkey,Samsun,,
Turkey,Samsun,,
Turkey,Samsun,,
Turkey,Samsun,,
Turkey,Samsun,,
Turkey,Samsun,,
Turkey,Samsun,,
Turkey,Siirt,,
Turkey,Siirt,,
Turkey,Siirt,,
Turkey,Siirt,,
Turkey,Siirt,,
Turkey,Siirt,,
Turkey,Siirt,,
Turkey,Sinop,,
Turkey,Sinop,,
Turkey,Sinop,,
Turkey,Sinop,,
Turkey,Sinop,,
Turkey,Sinop,,
Turkey,Sinop,,
Turkey,Sinop,,
Turkey,Sinop,,
Turkey,Sivas,,
Turkey,Sivas,,
Turkey,Sivas,,
Turkey,Sivas,,
Turkey,Sivas,,
Turkey,Sivas,,
Turkey,Sivas,,
Turkey,Sivas,,
Turkey,Sivas,,
Turkey,Sivas,,
Turkey,Sivas,,
Turkey,Sivas,,
Turkey,Sivas,,
Turkey,Sivas,,
Turkey,Sivas,,
Turkey,Sivas,,
Turkey,Sivas,,
Turkey,Tokat,,
Turkey,Tokat,,
Turkey,Tokat,,
Turkey,Tokat,,
Turkey,Tokat,,
Turkey,Tokat,,
Turkey,Tokat,,
Turkey,Tokat,,
Turkey,Tokat,,
Turkey,Tokat,,
Turkey,Tokat,,
Turkey,Tokat,,
Turkey,Trabzon,,
Turkey,Trabzon,,
Turkey,Trabzon,,
Turkey,Trabzon,,
Turkey,Trabzon,,
Turkey,Trabzon,,
Turkey,Trabzon,,
Turkey,Trabzon,,
Turkey,Trabzon,,
Turkey,Trabzon,,
Turkey,Trabzon,,
Turkey,Trabzon,,
Turkey,Trabzon,,
Turkey,Trabzon,,
Turkey,Trabzon,,
Turkey,Trabzon,,
Turkey,Trabzon,,
Turkey,Trabzon,,
Turkey,Trabzon,,
Turkey,Tunceli,,
Turkey,Tunceli,,
Turkey,Tunceli,,
Turkey,Tunceli,,
Turkey,Tunceli,,
Turkey,Tunceli,,
Turkey,Tunceli,,
Turkey,Tunceli,,
Turkey,Van,,
Turkey,Van,,
Turkey,Van,,
Turkey,Van,,
Turkey,Van,,
Turkey,Van,,
Turkey,Van,,
Turkey,Van,,
Turkey,Van,,
Turkey,Van,,
Turkey,Van,,
Turkey,Van,,
Turkey,Van,,
Turkey,Van,,
Turkey,Yozgat,,
Turkey,Yozgat,,
Turkey,Yozgat,,
Turkey,Yozgat,,
Turkey,Yozgat,,
Turkey,Yozgat,,
Turkey,Yozgat,,
Turkey,Yozgat,,
Turkey,Yozgat,,
Turkey,Yozgat,,
Turkey,Yozgat,,
Turkey,Yozgat,,
Turkey,Yozgat,,
Turkey,Yozgat,,
Turkey,Zonguldak,,
Turkey,Zonguldak,,
Turkey,Zonguldak,,
Turkey,Zonguldak,,
Turkey,Zonguldak,,
Turkey,Zonguldak,,
Turkey,Zonguldak,,
Turkey,Zonguldak,,
Turkey,Aksaray,,
Turkey,Aksaray,,
Turkey,Aksaray,,
Turkey,Aksaray,,
Turkey,Aksaray,,
Turkey,Aksaray,,
Turkey,Aksaray,,
Turkey,Bayburt,,
Turkey,Bayburt,,
Turkey,Bayburt,,
Turkey,Karaman,,
Turkey,Karaman,,
Turkey,Karaman,,
Turkey,Karaman,,
Turkey,Karaman,,
Turkey,Karaman,,
Turkey,Kırıkkale,,
Turkey,Kırıkkale,,
Turkey,Kırıkkale,,
Turkey,Kırıkkale,,
Turkey,Kırıkkale,,
Turkey,Kırıkkale,,
Turkey,Kırıkkale,,
Turkey,Kırıkkale,,
Turkey,Kırıkkale,,
Turkey,Batman,,
Turkey,Batman,,
Turkey,Batman,,
Turkey,Batman,,
Turkey,Batman,,
Turkey,Batman,,
Turkey,Bartın,,
Turkey,Bartın,,
Turkey,Bartın,,
Turkey,Bartın,,
Turkey,Ardahan,,
Turkey,Ardahan,,
Turkey,Ardahan,,
Turkey,Ardahan,,
Turkey,Ardahan,,
Turkey,Ardahan,,
Turkey,Yalova,,
Turkey,Yalova,,
Turkey,Yalova,,
Turkey,Yalova,,
Turkey,Yalova,,
Turkey,Yalova,,
Turkey,Kilis,,
Turkey,Kilis,,
Turkey,Kilis,,
Turkey,Kilis,,
Turkey,Osmaniye,,
Turkey,Osmaniye,,
Turkey,Osmaniye,,
Turkey,Osmaniye,,
Turkey,Osmaniye,,
Turkey,Osmaniye,,
Turkey,Osmaniye,,