Turkey,Adana,Seyhan,,
Turkey,Adana,Ceyhan,,
Turkey,Adana,Feke,,
Turkey,Adana,Karaisalı,,
Turkey,Adana,Karataş,,
Turkey,Adana,Kozan,,
Turkey,Adana,Pozantı,,
Turkey,Adana,Saimbeyli,,
Turkey,Adana,Tufanbeyli,,
Turkey,Adana,Yumurtalık,,
Turkey,Adana,Yüreğir,,
Turkey,Adana,Aladağ,,
Turkey,Adana,İmamoğlu,,
Turkey,Adana,Sarıçam,,
Turkey,Adana,Çukurova,,
Turkey,Adıyaman,Adıyaman Merkez,,
Turkey,Adıyaman,Besni,,
Turkey,Adıyaman,Çelikhan,,
Turkey,Adıyaman,Gerger,,
Turkey,Adıyaman,Gölbaşı / Adıyaman,,
Turkey,Adıyaman,Kahta,,
Turkey,Adıyaman,Samsat,,
Turkey,Adıyaman,Sincik,,
Turkey,Adıyaman,Tut,,
Turkey,Afyonkarahisar,Afyonkarahisar Merkez,,
Turkey,Afyonkarahisar,Bolvadin,,
Turkey,Afyonkarahisar,Çay,,
Turkey,Afyonkarahisar,Dazkırı,,
Turkey,Afyonkarahisar,Dinar,,
Turkey,Afyonkarahisar,Emirdağ,,
Turkey,Afyonkarahisar,İhsaniye,,
Turkey,Afyonkarahisar,Sandıklı,,
Turkey,Afyonkarahisar,Sinanpaşa,,
Turkey,Afyonkarahisar,Sultandağı,,
Turkey,Afyonkarahisar,Şuhut,,
Turkey,Afyonkarahisar,Başmakçı,,
Turkey,Afyonkarahisar,Bayat / Afyonkarahisar,,
Turkey,Afyonkarahisar,İscehisar,,
Turkey,Afyonkarahisar,Çobanlar,,
Turkey,Afyonkarahisar,Evciler,,
Turkey,Afyonkarahisar,Hocalar,,
Turkey,Afyonkarahisar,Kızılören,,
Turkey,Ağrı,Ağrı Merkez,,
Turkey,Ağrı,Diyadin,,
Turkey,Ağrı,Doğubayazıt,,
Turkey,Ağrı,Eleşkirt,,
Turkey,Ağrı,Hamur,,
Turkey,Ağrı,Patnos,,
Turkey,Ağrı,Taşlıçay,,
Turkey,Ağrı,Tutak,,
Turkey,Amasya,Amasya Merkez,,
Turkey,Amasya,Göynücek,,
Turkey,Amasya,Gümüşhacıköy,,
Turkey,Amasya,Merzifon,,
Turkey,Amasya,Suluova,,
Turkey,Amasya,Taşova,,
Turkey,Amasya,Hamamözü,,
Turkey,Ankara,Altındağ,,
Turkey,Ankara,Ayaş,,
Turkey,Ankara,Bala,,
Turkey,Ankara,Beypazarı,,
Turkey,Ankara,Çamlıdere,,
Turkey,Ankara,Çankaya,,
Turkey,Ankara,Çubuk,,
Turkey,Ankara,Elmadağ,,
Turkey,Ankara,Güdül,,
Turkey,Ankara,Haymana,,
Turkey,Ankara,Kalecik,,
Turkey,Ankara,Kızılcahamam,,
Turkey,Ankara,Nallıhan,,
Turkey,Ankara,Polatlı,,
Turkey,Ankara,Şereflikoçhisar,,
Turkey,Ankara,Yenimahalle,,
Turkey,Ankara,Gölbaşı / Ankara,,
Turkey,Ankara,Keçiören,,
Turkey,Ankara,Mamak,,
Turkey,Ankara,Sincan,,
Turkey,Ankara,Kazan,,
Turkey,Ankara,Akyurt,,
Turkey,Ankara,Etimesgut,,
Turkey,Ankara,Evren,,
Turkey,Ankara,Pursaklar,,
Turkey,Antalya,Akseki,,
Turkey,Antalya,Alanya,,
Turkey,Antalya,Antalya Merkez,,
Turkey,Antalya,Elmalı,,
Turkey,Antalya,Finike,,
Turkey,Antalya,Gazipaşa,,
Turkey,Antalya,Gündoğmuş,,
Turkey,Antalya,Kaş,,
Turkey,Antalya,Korkuteli,,
Turkey,Antalya,Kumluca,,
Turkey,Antalya,Manavgat,,
Turkey,Antalya,Serik,,
Turkey,Antalya,Demre,,
Turkey,Antalya,İbradı,,
Turkey,Antalya,Kemer / Antalya,,
Turkey,Antalya,Aksu / Antalya,,
Turkey,Antalya,Döşemealtı,,
Turkey,Antalya,Kepez,,
Turkey,Antalya,Konyaaltı,,
Turkey,Antalya,Muratpaşa,,
Turkey,Artvin,Ardanuç,,
Turkey,Artvin,Arhavi,,
Turkey,Artvin,Artvin Merkez,,
Turkey,Artvin,Borçka,,
Turkey,Artvin,Hopa,,
Turkey,Artvin,Şavşat,,
Turkey,Artvin,Yusufeli,,
Turkey,Artvin,Murgul,,
Turkey,Aydın,Aydın Merkez,,
Turkey,Aydın,Bozdoğan,,
Turkey,Aydın,Çine,,
Turkey,Aydın,Germencik,,
Turkey,Aydın,Karacasu,,
Turkey,Aydın,Koçarlı,,
Turkey,Aydın,Kuşadası,,
Turkey,Aydın,Kuyucak,,
Turkey,Aydın,Nazilli,,
Turkey,Aydın,Söke,,
Turkey,Aydın,Sultanhisar,,
Turkey,Aydın,Yenipazar / Aydın,,
Turkey,Aydın,Buharkent,,
Turkey,Aydın,İncirliova,,
Turkey,Aydın,Karpuzlu,,
Turkey,Aydın,Köşk,,
Turkey,Aydın,Didim,,
Turkey,Aydın,Efeler,,
Turkey,Balıkesir,Ayvalık,,
Turkey,Balıkesir,Balıkesir Merkez,,
Turkey,Balıkesir,Balya,,
Turkey,Balıkesir,Bandırma,,
Turkey,Balıkesir,Bigadiç,,
Turkey,Balıkesir,Burhaniye,,
Turkey,Balıkesir,Dursunbey,,
Turkey,Balıkesir,Edremit / Balıkesir,,
Turkey,Balıkesir,Erdek,,
Turkey,Balıkesir,Gönen / Balıkesir,,
Turkey,Balıkesir,Havran,,
Turkey,Balıkesir,İvrindi,,
Turkey,Balıkesir,Kepsut,,
Turkey,Balıkesir,Manyas,,
Turkey,Balıkesir,Savaştepe,,
Turkey,Balıkesir,Sındırgı,,
Turkey,Balıkesir,Susurluk,,
Turkey,Balıkesir,Marmara,,
Turkey,Balıkesir,Gömeç,,
Turkey,Balıkesir,Altıeylül,,
Turkey,Balıkesir,Karesi,,
Turkey,Bilecik,Bilecik Merkez,,
Turkey,Bilecik,Bozüyük,,
Turkey,Bilecik,Gölpazarı,,
Turkey,Bilecik,Osmaneli,,
Turkey,Bilecik,Pazaryeri,,
Turkey,Bilecik,Söğüt,,
Turkey,Bilecik,Yenipazar / Bilecik,,
Turkey,Bilecik,İnhisar,,
Turkey,Bingöl,Bingöl Merkez,,
Turkey,Bingöl,Genç,,
Turkey,Bingöl,Karlıova,,
Turkey,Bingöl,Kiğı,,
Turkey,Bingöl,Solhan,,
Turkey,Bingöl,Adaklı,,
Turkey,Bingöl,Yayladere,,
Turkey,Bingöl,Yedisu,,
Turkey,Bitlis,Adilcevaz,,
Turkey,Bitlis,Ahlat,,
Turkey,Bitlis,Bitlis Merkez,,
Turkey,Bitlis,Hizan,,
Turkey,Bitlis,Mutki,,
Turkey,Bitlis,Tatvan,,
Turkey,Bitlis,Güroymak,,
Turkey,Bolu,Bolu Merkez,,
Turkey,Bolu,Gerede,,
Turkey,Bolu,Göynük,,
Turkey,Bolu,Kıbrıscık,,
Turkey,Bolu,Mengen,,
Turkey,Bolu,Mudurnu,,
Turkey,Bolu,Seben,,
Turkey,Bolu,Dörtdivan,,
Turkey,Bolu,Yeniçağa,,
Turkey,Burdur,Ağlasun,,
Turkey,Burdur,Bucak,,
Turkey,Burdur,Burdur Merkez,,
Turkey,Burdur,Gölhisar,,
Turkey,Burdur,Tefenni,,
Turkey,Burdur,Yeşilova,,
Turkey,Burdur,Karamanlı,,
Turkey,Burdur,Kemer / Burdur,,
Turkey,Burdur,Altınyayla / Burdur,,
Turkey,Burdur,Çavdır,,
Turkey,Burdur,Çeltikçi,,
Turkey,Bursa,Gemlik,,
Turkey,Bursa,İnegöl,,
Turkey,Bursa,İznik,,
Turkey,Bursa,Karacabey,,
Turkey,Bursa,Keles,,
Turkey,Bursa,Mudanya,,
Turkey,Bursa,Mustafakemalpaşa,,
Turkey,Bursa,Orhaneli,,
Turkey,Bursa,Orhangazi,,
Turkey,Bursa,Yenişehir / Bursa,,
Turkey,Bursa,Büyükorhan,,
Turkey,Bursa,Harmancık,,
Turkey,Bursa,Nilüfer,,
Turkey,Bursa,Osmangazi,,
Turkey,Bursa,Yıldırım,,
Turkey,Bursa,Gürsu,,
Turkey,Bursa,Kestel,,
Turkey,Çanakkale,Ayvacık / Çanakkale,,
Turkey,Çanakkale,Bayramiç,,
Turkey,Çanakkale,Biga,,
Turkey,Çanakkale,Bozcaada,,
Turkey,Çanakkale,Çan,,
Turkey,Çanakkale,Çanakkale Merkez,,
Turkey,Çanakkale,Eceabat,,
Turkey,Çanakkale,Ezine,,
Turkey,Çanakkale,Gelibolu,,
Turkey,Çanakkale,Gökçeada,,
Turkey,Çanakkale,Lapseki,,
Turkey,Çanakkale,Yenice / Çanakkale,,
Turkey,Çankırı,Çankırı Merkez,,
Turkey,Çankırı,Çerkeş,,
Turkey,Çankırı,Eldivan,,
Turkey,Çankırı,Ilgaz,,
Turkey,Çankırı,Kurşunlu,,
Turkey,Çankırı,Orta,,
Turkey,Çankırı,Şabanözü,,
Turkey,Çankırı,Yapraklı,,
Turkey,Çankırı,Atkaracalar,,
Turkey,Çankırı,Kızılırmak,,
Turkey,Çankırı,Bayramören,,
Turkey,Çankırı,Korgun,,
Turkey,Çorum,Alaca,,
Turkey,Çorum,Bayat / Çorum,,
Turkey,Çorum,Çorum Merkez,,
Turkey,Çorum,İskilip,,
Turkey,Çorum,Kargı,,
Turkey,Çorum,Mecitözü,,
Turkey,Çorum,Ortaköy / Çorum,,
Turkey,Çorum,Osmancık,,
Turkey,Çorum,Sungurlu,,
Turkey,Çorum,Boğazkale,,
Turkey,Çorum,Uğurludağ,,
Turkey,Çorum,Dodurga,,
Turkey,Çorum,Laçin,,
Turkey,Çorum,Oğuzlar,,
Turkey,Denizli,Acıpayam,,
Turkey,Denizli,Buldan,,
Turkey,Denizli,Çal,,
Turkey,Denizli,Çameli,,
Turkey,Denizli,Çardak,,
Turkey,Denizli,Çivril,,
Turkey,Denizli,Denizli Merkez,,
Turkey,Denizli,Güney,,
Turkey,Denizli,Kale / Denizli,,
Turkey,Denizli,Sarayköy,,
Turkey,Denizli,Tavas,,
Turkey,Denizli,Babadağ,,
Turkey,Denizli,Bekilli,,
Turkey,Denizli,Honaz,,
Turkey,Denizli,Serinhisar,,
Turkey,Denizli,Pamukkale,,
Turkey,Denizli,Baklan,,
Turkey,Denizli,Beyağaç,,
Turkey,Denizli,Bozkurt / Denizli,,
Turkey,Denizli,Merkezefendi,,
Turkey,Diyarbakır,Bismil,,
Turkey,Diyarbakır,Çermik,,
Turkey,Diyarbakır,Çınar,,
Turkey,Diyarbakır,Çüngüş,,
Turkey,Diyarbakır,Dicle,,
Turkey,Diyarbakır,Diyarbakır Merkez,,
Turkey,Diyarbakır,Ergani,,
Turkey,Diyarbakır,Hani,,
Turkey,Diyarbakır,Hazro,,
Turkey,Diyarbakır,Kulp,,
Turkey,Diyarbakır,Lice,,
Turkey,Diyarbakır,Silvan,,
Turkey,Diyarbakır,Eğil,,
Turkey,Diyarbakır,Kocaköy,,
Turkey,Diyarbakır,Bağlar,,
Turkey,Diyarbakır,Kayapınar,,
Turkey,Diyarbakır,Sur,,
Turkey,Diyarbakır,Yenişehir / Diyarbakır,,
Turkey,Edirne,Edirne Merkez,,
Turkey,Edirne,Enez,,
Turkey,Edirne,Havsa,,
Turkey,Edirne,İpsala,,
Turkey,Edirne,Keşan,,
Turkey,Edirne,Lalapaşa,,
Turkey,Edirne,Meriç,,
Turkey,Edirne,Uzunköprü,,
Turkey,Edirne,Süloğlu,,
Turkey,Elazığ,Ağın,,
Turkey,Elazığ,Baskil,,
Turkey,Elazığ,Elazığ Merkez,,
Turkey,Elazığ,Karakoçan,,
Turkey,Elazığ,Keban,,
Turkey,Elazığ,Maden,,
Turkey,Elazığ,Palu,,
Turkey,Elazığ,Sivrice,,
Turkey,Elazığ,Arıcak,,
Turkey,Elazığ,Kovancılar,,
Turkey,Elazığ,Alacakaya,,
Turkey,Erzincan,Çayırlı,,
Turkey,Erzincan,Erzincan Merkez,,
Turkey,Erzincan,İliç,,
Turkey,Erzincan,Kemah,,
Turkey,Erzincan,Kemaliye,,
Turkey,Erzincan,Refahiye,,
Turkey,Erzincan,Tercan,,
Turkey,Erzincan,Üzümlü,,
Turkey,Erzincan,Otlukbeli,,
Turkey,Erzurum,Aşkale,,
Turkey,Erzurum,Çat,,
Turkey,Erzurum,Erzurum Merkez,,
Turkey,Erzurum,Hınıs,,
Turkey,Erzurum,Horasan,,
Turkey,Erzurum,İspir,,
Turkey,Erzurum,Karayazı,,
Turkey,Erzurum,Narman,,
Turkey,Erzurum,Oltu,,
Turkey,Erzurum,Olur,,
Turkey,Erzurum,Pasinler,,
Turkey,Erzurum,Şenkaya,,
Turkey,Erzurum,Tekman,,
Turkey,Erzurum,Tortum,,
Turkey,Erzurum,Karaçoban,,
Turkey,Erzurum,Uzundere,,
Turkey,Erzurum,Pazaryolu,,
Turkey,Erzurum,Aziziye,,
Turkey,Erzurum,Köprüköy,,
Turkey,Erzurum,Palandöken,,
Turkey,Erzurum,Yakutiye,,
Turkey,Eskişehir,Çifteler,,
Turkey,Eskişehir,Eskişehir Merkez,,
Turkey,Eskişehir,Mahmudiye,,
Turkey,Eskişehir,Mihalıççık,,
Turkey,Eskişehir,Sarıcakaya,,
Turkey,Eskişehir,Seyitgazi,,
Turkey,Eskişehir,Sivrihisar,,
Turkey,Eskişehir,Alpu,,
Turkey,Eskişehir,Beylikova,,
Turkey,Eskişehir,İnönü,,
Turkey,Eskişehir,Günyüzü,,
Turkey,Eskişehir,Han,,
Turkey,Eskişehir,Mihalgazi,,
Turkey,Eskişehir,Odunpazarı,,
Turkey,Eskişehir,Tepebaşı,,
Turkey,Gaziantep,Araban,,
Turkey,Gaziantep,İslahiye,,
Turkey,Gaziantep,Nizip,,
Turkey,Gaziantep,Oğuzeli,,
Turkey,Gaziantep,Yavuzeli,,
Turkey,Gaziantep,Şahinbey,,
Turkey,Gaziantep,Şehitkamil,,
Turkey,Gaziantep,Karkamış,,
Turkey,Gaziantep,Nurdağı,,
Turkey,Giresun,Alucra,,
Turkey,Giresun,Bulancak,,
Turkey,Giresun,Dereli,,
Turkey,Giresun,Espiye,,
Turkey,Giresun,Eynesil,,
Turkey,Giresun,Giresun Merkez,,
Turkey,Giresun,Görele,,
Turkey,Giresun,Keşap,,
Turkey,Giresun,Şebinkarahisar,,
Turkey,Giresun,Tirebolu,,
Turkey,Giresun,Piraziz,,
Turkey,Giresun,Yağlıdere,,
Turkey,Giresun,Çamoluk,,
Turkey,Giresun,Çanakçı,,
Turkey,Giresun,Doğankent,,
Turkey,Giresun,Güce,,
Turkey,Gümüşhane,Gümüşhane Merkez,,
Turkey,Gümüşhane,Kelkit,,
Turkey,Gümüşhane,Şiran,,
Turkey,Gümüşhane,Torul,,
Turkey,Gümüşhane,Köse,,
Turkey,Gümüşhane,Kürtün,,
Turkey,Hakkari,Çukurca,,
Turkey,Hakkari,Hakkari Merkez,,
Turkey,Hakkari,Şemdinli,,
Turkey,Hakkari,Yüksekova,,
Turkey,Hatay,Altınözü,,
Turkey,Hatay,Dörtyol,,
Turkey,Hatay,Hassa,,
Turkey,Hatay,Hatay Merkez,,
Turkey,Hatay,İskenderun,,
Turkey,Hatay,Kırıkhan,,
Turkey,Hatay,Reyhanlı,,
Turkey,Hatay,Samandağ,,
Turkey,Hatay,Yayladağı,,
Turkey,Hatay,Erzin,,
Turkey,Hatay,Belen,,
Turkey,Hatay,Kumlu,,
Turkey,Hatay,Antakya,,
Turkey,Hatay,Arsuz,,
Turkey,Hatay,Defne,,
Turkey,Hatay,Payas,,
Turkey,Isparta,Atabey,,
Turkey,Isparta,Eğirdir,,
Turkey,Isparta,Gelendost,,
Turkey,Isparta,Isparta Merkez,,
Turkey,Isparta,Keçiborlu,,
Turkey,Isparta,Senirkent,,
Turkey,Isparta,Sütçüler,,
Turkey,Isparta,Şarkikaraağaç,,
Turkey,Isparta,Uluborlu,,
Turkey,Isparta,Yalvaç,,
Turkey,Isparta,Aksu / Isparta,,
Turkey,Isparta,Gönen / Isparta,,
Turkey,Isparta,Yenişarbademli,,
Turkey,Mersin,Anamur,,
Turkey,Mersin,Erdemli,,
Turkey,Mersin,Gülnar,,
Turkey,Mersin,Mersin Merkez,,
Turkey,Mersin,Mut,,
Turkey,Mersin,Silifke,,
Turkey,Mersin,Tarsus,,
Turkey,Mersin,Aydıncık / Mersin,,
Turkey,Mersin,Bozyazı,,
Turkey,Mersin,Çamlıyayla,,
Turkey,Mersin,Akdeniz,,
Turkey,Mersin,Mezitli,,
Turkey,Mersin,Toroslar,,
Turkey,Mersin,Yenişehir / Mersin,,
Turkey,İstanbul,Adalar,,
Turkey,İstanbul,Bakırköy,,
Turkey,İstanbul,Beşiktaş,,
Turkey,İstanbul,Beykoz,,
Turkey,İstanbul,Beyoğlu,,
Turkey,İstanbul,Çatalca,,
Turkey,İstanbul,Eminönü,,
Turkey,İstanbul,Eyüp,,
Turkey,İstanbul,Fatih,,
Turkey,İstanbul,Gaziosmanpaşa,,
Turkey,İstanbul,Kadıköy,,
Turkey,İstanbul,Kartal,,
Turkey,İstanbul,Sarıyer,,
Turkey,İstanbul,Silivri,,
Turkey,İstanbul,Şile,,
Turkey,İstanbul,Şişli,,
Turkey,İstanbul,Üsküdar,,
Turkey,İstanbul,Zeytinburnu,,
Turkey,İstanbul,Büyükçekmece,,
Turkey,İstanbul,Kağıthane,,
Turkey,İstanbul,Küçükçekmece,,
Turkey,İstanbul,Pendik,,
Turkey,İstanbul,Ümraniye,,
Turkey,İstanbul,Bayrampaşa,,
Turkey,İstanbul,Avcılar,,
Turkey,İstanbul,Bağcılar,,
Turkey,İstanbul,Bahçelievler,,
Turkey,İstanbul,Güngören,,
Turkey,İstanbul,Maltepe,,
Turkey,İstanbul,Sultanbeyli,,
Turkey,İstanbul,Tuzla,,
Turkey,İstanbul,Esenler,,
Turkey,İstanbul,Arnavutköy,,
Turkey,İstanbul,Ataşehir,,
Turkey,İstanbul,Başakşehir,,
Turkey,İstanbul,Beylikdüzü,,
Turkey,İstanbul,Çekmeköy,,
Turkey,İstanbul,Esenyurt,,
Turkey,İstanbul,Sancaktepe,,
Turkey,İstanbul,Sultangazi,,
Turkey,İzmir,Aliağa,,
Turkey,İzmir,Bayındır,,
Turkey,İzmir,Bergama,,
Turkey,İzmir,Bornova,,
Turkey,İzmir,Çeşme,,
Turkey,İzmir,Dikili,,
Turkey,İzmir,Foça,,
Turkey,İzmir,Karaburun,,
Turkey,İzmir,Karşıyaka,,
Turkey,İzmir,Kemalpaşa,,
Turkey,İzmir,Kınık,,
Turkey,İzmir,Kiraz,,
Turkey,İzmir,Menemen,,
Turkey,İzmir,Ödemiş,,
Turkey,İzmir,Seferihisar,,
Turkey,İzmir,Selçuk,,
Turkey,İzmir,Tire,,
Turkey,İzmir,Torbalı,,
Turkey,İzmir,Urla,,
Turkey,İzmir,Beydağ,,
Turkey,İzmir,Buca,,
Turkey,İzmir,Konak,,
Turkey,İzmir,Menderes,,
Turkey,İzmir,Balçova,,
Turkey,İzmir,Çiğli,,
Turkey,İzmir,Gaziemir,,
Turkey,İzmir,Narlıdere,,
Turkey,İzmir,Güzelbahçe,,
Turkey,İzmir,Bayraklı,,
Turkey,İzmir,Karabağlar,,
Turkey,Kars,Arpaçay,,
Turkey,Kars,Digor,,
Turkey,Kars,Kağızman,,
Turkey,Kars,Kars Merkez,,
Turkey,Kars,Sarıkamış,,
Turkey,Kars,Selim,,
Turkey,Kars,Susuz,,
Turkey,Kars,Akyaka,,
Turkey,Kastamonu,Abana,,
Turkey,Kastamonu,Araç,,
Turkey,Kastamonu,Azdavay,,
Turkey,Kastamonu,Bozkurt / Kastamonu,,
Turkey,Kastamonu,Cide,,
Turkey,Kastamonu,Çatalzeytin,,
Turkey,Kastamonu,Daday,,
Turkey,Kastamonu,Devrekani,,
Turkey,Kastamonu,İnebolu,,
Turkey,Kastamonu,Kastamonu Merkez,,
Turkey,Kastamonu,Küre,,
Turkey,Kastamonu,Taşköprü,,
Turkey,Kastamonu,Tosya,,
Turkey,Kastamonu,İhsangazi,,
Turkey,Kastamonu,Pınarbaşı / Kastamonu,,
Turkey,Kastamonu,Şenpazar,,
Turkey,Kastamonu,Ağlı,,
Turkey,Kastamonu,Doğanyurt,,
Turkey,Kastamonu,Hanönü,,
Turkey,Kastamonu,Seydiler,,
Turkey,Kayseri,Bünyan,,
Turkey,Kayseri,Develi,,
Turkey,Kayseri,Felahiye,,
Turkey,Kayseri,İncesu,,
Turkey,Kayseri,Pınarbaşı / Kayseri,,
Turkey,Kayseri,Sarıoğlan,,
Turkey,Kayseri,Sarız,,
Turkey,Kayseri,Tomarza,,
Turkey,Kayseri,Yahyalı,,
Turkey,Kayseri,Yeşilhisar,,
Turkey,Kayseri,Akkışla,,
Turkey,Kayseri,Talas,,
Turkey,Kayseri,Kocasinan,,
Turkey,Kayseri,Melikgazi,,
Turkey,Kayseri,Hacılar,,
Turkey,Kayseri,Özvatan,,
Turkey,Kırklareli,Babaeski,,
Turkey,Kırklareli,Demirköy,,
Turkey,Kırklareli,Kırklareli Merkez,,
Turkey,Kırklareli,Kofçaz,,
Turkey,Kırklareli,Lüleburgaz,,
Turkey,Kırklareli,Pehlivanköy,,
Turkey,Kırklareli,Pınarhisar,,
Turkey,Kırklareli,Vize,,
Turkey,Kırşehir,Çiçekdağı,,
Turkey,Kırşehir,Kaman,,
Turkey,Kırşehir,Kırşehir Merkez,,
Turkey,Kırşehir,Mucur,,
Turkey,Kırşehir,Akpınar,,
Turkey,Kırşehir,Akçakent,,
Turkey,Kırşehir,Boztepe,,
Turkey,Kocaeli,Gebze,,
Turkey,Kocaeli,Gölcük,,
Turkey,Kocaeli,Kandıra,,
Turkey,Kocaeli,Karamürsel,,
Turkey,Kocaeli,Kocaeli Merkez,,
Turkey,Kocaeli,Körfez,,
Turkey,Kocaeli,Derince,,
Turkey,Kocaeli,Başiskele,,
Turkey,Kocaeli,Çayırova,,
Turkey,Kocaeli,Darıca,,
Turkey,Kocaeli,Dilovası,,
Turkey,Kocaeli,İzmit,,
Turkey,Kocaeli,Kartepe,,
Turkey,Konya,Akşehir,,
Turkey,Konya,Beyşehir,,
Turkey,Konya,Bozkır,,
Turkey,Konya,Cihanbeyli,,
Turkey,Konya,Çumra,,
Turkey,Konya,Doğanhisar,,
Turkey,Konya,Ereğli / Konya,,
Turkey,Konya,Hadim,,
Turkey,Konya,Ilgın,,
Turkey,Konya,Kadınhanı,,
Turkey,Konya,Karapınar,,
Turkey,Konya,Kulu,,
Turkey,Konya,Sarayönü,,
Turkey,Konya,Seydişehir,,
Turkey,Konya,Yunak,,
Turkey,Konya,Akören,,
Turkey,Konya,Altınekin,,
Turkey,Konya,Derebucak,,
Turkey,Konya,Hüyük,,
Turkey,Konya,Karatay,,
Turkey,Konya,Meram,,
Turkey,Konya,Selçuklu,,
Turkey,Konya,Taşkent,,
Turkey,Konya,Ahırlı,,
Turkey,Konya,Çeltik,,
Turkey,Konya,Derbent,,
Turkey,Konya,Emirgazi,,
Turkey,Konya,Güneysınır,,
Turkey,Konya,Halkapınar,,
Turkey,Konya,Tuzlukçu,,
Turkey,Konya,Yalıhüyük,,
Turkey,Kütahya,Altıntaş,,
Turkey,Kütahya,Domaniç,,
Turkey,Kütahya,Emet,,
Turkey,Kütahya,Gediz,,
Turkey,Kütahya,Kütahya Merkez,,
Turkey,Kütahya,Simav,,
Turkey,Kütahya,Tavşanlı,,
Turkey,Kütahya,Aslanapa,,
Turkey,Kütahya,Dumlupınar,,
Turkey,Kütahya,Hisarcık,,
Turkey,Kütahya,Şaphane,,
Turkey,Kütahya,Çavdarhisar,,
Turkey,Kütahya,Pazarlar,,
Turkey,Malatya,Akçadağ,,
Turkey,Malatya,Arapgir,,
Turkey,Malatya,Arguvan,,
Turkey,Malatya,Darende,,
Turkey,Malatya,Doğanşehir,,
Turkey,Malatya,Hekimhan,,
Turkey,Malatya,Malatya Merkez,,
Turkey,Malatya,Pütürge,,
Turkey,Malatya,Yeşilyurt / Malatya,,
Turkey,Malatya,Battalgazi,,
Turkey,Malatya,Doğanyol,,
Turkey,Malatya,Kale / Malatya,,
Turkey,Malatya,Kuluncak,,
Turkey,Malatya,Yazıhan,,
Turkey,Manisa,Akhisar,,
Turkey,Manisa,Alaşehir,,
Turkey,Manisa,Demirci,,
Turkey,Manisa,Gördes,,
Turkey,Manisa,Kırkağaç,,
Turkey,Manisa,Kula,,
Turkey,Manisa,Manisa Merkez,,
Turkey,Manisa,Salihli,,
Turkey,Manisa,Sarıgöl,,
Turkey,Manisa,Saruhanlı,,
Turkey,Manisa,Selendi,,
Turkey,Manisa,Soma,,
Turkey,Manisa,Turgutlu,,
Turkey,Manisa,Ahmetli,,
Turkey,Manisa,Gölmarmara,,
Turkey,Manisa,Köprübaşı / Manisa,,
Turkey,Manisa,Şehzadeler,,
Turkey,Manisa,Yunusemre,,
Turkey,Kahramanmaraş,Afşin,,
Turkey,Kahramanmaraş,Andırın,,
Turkey,Kahramanmaraş,Elbistan,,
Turkey,Kahramanmaraş,Göksun,,
Turkey,Kahramanmaraş,Kahramanmaraş Merkez,,
Turkey,Kahramanmaraş,Pazarcık,,
Turkey,Kahramanmaraş,Türkoğlu,,
Turkey,Kahramanmaraş,Çağlayancerit,,
Turkey,Kahramanmaraş,Ekinözü,,
Turkey,Kahramanmaraş,Nurhak,,
Turkey,Kahramanmaraş,Dulkadiroğlu,,
Turkey,Kahramanmaraş,Onikişubat,,
Turkey,Mardin,Derik,,
Turkey,Mardin,Kızıltepe,,
Turkey,Mardin,Mardin Merkez,,
Turkey,Mardin,Mazıdağı,,
Turkey,Mardin,Midyat,,
Turkey,Mardin,Nusaybin,,
Turkey,Mardin,Ömerli,,
Turkey,Mardin,Savur,,
Turkey,Mardin,Dargeçit,,
Turkey,Mardin,Yeşilli,,
Turkey,Mardin,Artuklu,,
Turkey,Muğla,Bodrum,,
Turkey,Muğla,Datça,,
Turkey,Muğla,Fethiye,,
Turkey,Muğla,Köyceğiz,,
Turkey,Muğla,Marmaris,,
Turkey,Muğla,Milas,,
Turkey,Muğla,Muğla Merkez,,
Turkey,Muğla,Ula,,
Turkey,Muğla,Yatağan,,
Turkey,Muğla,Dalaman,,
Turkey,Muğla,Ortaca,,
Turkey,Muğla,Kavaklıdere,,
Turkey,Muğla,Menteşe,,
Turkey,Muğla,Seydikemer,,
Turkey,Muş,Bulanık,,
Turkey,Muş,Malazgirt,,
Turkey,Muş,Muş Merkez,,
Turkey,Muş,Varto,,
Turkey,Muş,Hasköy,,
Turkey,Muş,Korkut,,
Turkey,Nevşehir,Avanos,,
Turkey,Nevşehir,Derinkuyu,,
Turkey,Nevşehir,Gülşehir,,
Turkey,Nevşehir,Hacıbektaş,,
Turkey,Nevşehir,Kozaklı,,
Turkey,Nevşehir,Nevşehir Merkez,,
Turkey,Nevşehir,Ürgüp,,
Turkey,Nevşehir,Acıgöl,,
Turkey,Niğde,Bor,,
Turkey,Niğde,Çamardı,,
Turkey,Niğde,Niğde Merkez,,
Turkey,Niğde,Ulukışla,,
Turkey,Niğde,Altunhisar,,
Turkey,Niğde,Çiftlik,,
Turkey,Ordu,Akkuş,,
Turkey,Ordu,Aybastı,,
Turkey,Ordu,Fatsa,,
Turkey,Ordu,Gölköy,,
Turkey,Ordu,Korgan,,
Turkey,Ordu,Kumru,,
Turkey,Ordu,Mesudiye,,
Turkey,Ordu,Ordu Merkez,,
Turkey,Ordu,Perşembe,,
Turkey,Ordu,Ulubey / Ordu,,
Turkey,Ordu,Ünye,,
Turkey,Ordu,Gülyalı,,
Turkey,Ordu,Gürgentepe,,
Turkey,Ordu,Çamaş,,
Turkey,Ordu,Çatalpınar,,
Turkey,Ordu,Çaybaşı,,
Turkey,Ordu,İkizce,,
Turkey,Ordu,Kabadüz,,
Turkey,Ordu,Kabataş,,
Turkey,Ordu,Altınordu,,
Turkey,Rize,Ardeşen,,
Turkey,Rize,Çamlıhemşin,,
Turkey,Rize,Çayeli,,
Turkey,Rize,Fındıklı,,
Turkey,Rize,İkizdere,,
Turkey,Rize,Kalkandere,,
Turkey,Rize,Pazar / Rize,,
Turkey,Rize,Rize Merkez,,
Turkey,Rize,Güneysu,,
Turkey,Rize,Derepazarı,,
Turkey,Rize,Hemşin,,
Turkey,Rize,İyidere,,
Turkey,Sakarya,Akyazı,,
Turkey,Sakarya,Geyve,,
Turkey,Sakarya,Hendek,,
Turkey,Sakarya,Karasu,,
Turkey,Sakarya,Kaynarca,,
Turkey,Sakarya,Sakarya Merkez,,
Turkey,Sakarya,Sapanca,,
Turkey,Sakarya,Kocaali,,
Turkey,Sakarya,Pamukova,,
Turkey,Sakarya,Taraklı,,
Turkey,Sakarya,Ferizli,,
Turkey,Sakarya,Karapürçek,,
Turkey,Sakarya,Söğütlü,,
Turkey,Sakarya,Adapazarı,,
Turkey,Sakarya,Arifiye,,
Turkey,Sakarya,Erenler,,
Turkey,Sakarya,Serdivan,,
Turkey,Samsun,Alaçam,,
Turkey,Samsun,Bafra,,
Turkey,Samsun,Çarşamba,,
Turkey,Samsun,Havza,,
Turkey,Samsun,Kavak,,
Turkey,Samsun,Ladik,,
Turkey,Samsun,Samsun Merkez,,
Turkey,Samsun,Terme,,
Turkey,Samsun,Vezirköprü,,
Turkey,Samsun,Asarcık,,
Turkey,Samsun,19 Mayıs,,
Turkey,Samsun,Salıpazarı,,
Turkey,Samsun,Tekkeköy,,
Turkey,Samsun,Ayvacık / Samsun,,
Turkey,Samsun,Yakakent,,
Turkey,Samsun,Atakum,,
Turkey,Samsun,Canik,,
Turkey,Samsun,İlkadım,,
Turkey,Siirt,Baykan,,
Turkey,Siirt,Eruh,,
Turkey,Siirt,Kurtalan,,
Turkey,Siirt,Pervari,,
Turkey,Siirt,Siirt Merkez,,
Turkey,Siirt,Şirvan,,
Turkey,Siirt,Tillo,,
Turkey,Sinop,Ayancık,,
Turkey,Sinop,Boyabat,,
Turkey,Sinop,Durağan,,
Turkey,Sinop,Erfelek,,
Turkey,Sinop,Gerze,,
Turkey,Sinop,Sinop Merkez,,
Turkey,Sinop,Türkeli,,
Turkey,Sinop,Dikmen,,
Turkey,Sinop,Saraydüzü,,
Turkey,Sivas,Divriği,,
Turkey,Sivas,Gemerek,,
Turkey,Sivas,Gürün,,
Turkey,Sivas,Hafik,,
Turkey,Sivas,İmranlı,,
Turkey,Sivas,Kangal,,
Turkey,Sivas,Koyulhisar,,
Turkey,Sivas,Sivas Merkez,,
Turkey,Sivas,Suşehri,,
Turkey,Sivas,Şarkışla,,
Turkey,Sivas,Yıldızeli,,
Turkey,Sivas,Zara,,
Turkey,Sivas,Akıncılar,,
Turkey,Sivas,Altınyayla / Sivas,,
Turkey,Sivas,Doğanşar,,
Turkey,Sivas,Gölova,,
Turkey,Sivas,Ulaş,,
Turkey,Tekirdağ,Çerkezköy,,
Turkey,Tekirdağ,Çorlu,,
Turkey,Tekirdağ,Hayrabolu,,
Turkey,Tekirdağ,Malkara,,
Turkey,Tekirdağ,Muratlı,,
Turkey,Tekirdağ,Saray / Tekirdağ,,
Turkey,Tekirdağ,Şarköy,,
Turkey,Tekirdağ,Tekirdağ Merkez,,
Turkey,Tekirdağ,Marmaraereğlisi,,
Turkey,Tekirdağ,Ergene,,
Turkey,Tekirdağ,Kapaklı,,
Turkey,Tekirdağ,Süleymanpaşa,,
Turkey,Tokat,Almus,,
Turkey,Tokat,Artova,,
Turkey,Tokat,Erbaa,,
Turkey,Tokat,Niksar,,
Turkey,Tokat,Reşadiye,,
Turkey,Tokat,Tokat Merkez,,
Turkey,Tokat,Turhal,,
Turkey,Tokat,Zile,,
Turkey,Tokat,Pazar / Tokat,,
Turkey,Tokat,Yeşilyurt / Tokat,,
Turkey,Tokat,Başçiftlik,,
Turkey,Tokat,Sulusaray,,
Turkey,Trabzon,Akçaabat,,
Turkey,Trabzon,Araklı,,
Turkey,Trabzon,Arsin,,
Turkey,Trabzon,Çaykara,,
Turkey,Trabzon,Maçka,,
Turkey,Trabzon,Of,,
Turkey,Trabzon,Sürmene,,
Turkey,Trabzon,Tonya,,
Turkey,Trabzon,Trabzon Merkez,,
Turkey,Trabzon,Vakfıkebir,,
Turkey,Trabzon,Yomra,,
Turkey,Trabzon,Beşikdüzü,,
Turkey,Trabzon,Şalpazarı,,
Turkey,Trabzon,Çarşıbaşı,,
Turkey,Trabzon,Dernekpazarı,,
Turkey,Trabzon,Düzköy,,
Turkey,Trabzon,Hayrat,,
Turkey,Trabzon,Köprübaşı / Trabzon,,
Turkey,Trabzon,Ortahisar,,
Turkey,Tunceli,Çemişgezek,,
Turkey,Tunceli,Hozat,,
Turkey,Tunceli,Mazgirt,,
Turkey,Tunceli,Nazımiye,,
Turkey,Tunceli,Ovacık / Tunceli,,
Turkey,Tunceli,Pertek,,
Turkey,Tunceli,Pülümür,,
Turkey,Tunceli,Tunceli Merkez,,
Turkey,Şanlıurfa,Akçakale,,
Turkey,Şanlıurfa,Birecik,,
Turkey,Şanlıurfa,Bozova,,
Turkey,Şanlıurfa,Ceylanpınar,,
Turkey,Şanlıurfa,Halfeti,,
Turkey,Şanlıurfa,Hilvan,,
Turkey,Şanlıurfa,Siverek,,
Turkey,Şanlıurfa,Suruç,,
Turkey,Şanlıurfa,Şanlıurfa Merkez,,
Turkey,Şanlıurfa,Viranşehir,,
Turkey,Şanlıurfa,Harran,,
Turkey,Şanlıurfa,Eyyübiye,,
Turkey,Şanlıurfa,Haliliye,,
Turkey,Şanlıurfa,Karaköprü,,
Turkey,Uşak,Banaz,,
Turkey,Uşak,Eşme,,
Turkey,Uşak,Karahallı,,
Turkey,Uşak,Sivaslı,,
Turkey,Uşak,Ulubey / Uşak,,
Turkey,Uşak,Uşak Merkez,,
Turkey,Van,Başkale,,
Turkey,Van,Çatak,,
Turkey,Van,Erciş,,
Turkey,Van,Gevaş,,
Turkey,Van,Gürpınar,,
Turkey,Van,Muradiye,,
Turkey,Van,Özalp,,
Turkey,Van,Van Merkez,,
Turkey,Van,Bahçesaray,,
Turkey,Van,Çaldıran,,
Turkey,Van,Edremit / Van,,
Turkey,Van,Saray / Van,,
Turkey,Van,İpekyolu,,
Turkey,Van,Tuşba,,
Turkey,Yozgat,Akdağmadeni,,
Turkey,Yozgat,Boğazlıyan,,
Turkey,Yozgat,Çayıralan,,
Turkey,Yozgat,Çekerek,,
Turkey,Yozgat,Sarıkaya,,
Turkey,Yozgat,Sorgun,,
Turkey,Yozgat,Şefaatli,,
Turkey,Yozgat,Yerköy,,
Turkey,Yozgat,Yozgat Merkez,,
Turkey,Yozgat,Aydıncık / Yozgat,,
Turkey,Yozgat,Çandır,,
Turkey,Yozgat,Kadışehri,,
Turkey,Yozgat,Saraykent,,
Turkey,Yozgat,Yenifakılı,,
Turkey,Zonguldak,Çaycuma,,
Turkey,Zonguldak,Devrek,,
Turkey,Zonguldak,Ereğli / Zonguldak,,
Turkey,Zonguldak,Zonguldak Merkez,,
Turkey,Zonguldak,Alaplı,,
Turkey,Zonguldak,Gökçebey,,
Turkey,Zonguldak,Kilimli,,
Turkey,Zonguldak,Kozlu,,
Turkey,Aksaray,Aksaray Merkez,,
Turkey,Aksaray,Ortaköy / Aksaray,,
Turkey,Aksaray,Ağaçören,,
Turkey,Aksaray,Güzelyurt,,
Turkey,Aksaray,Sarıyahşi,,
Turkey,Aksaray,Eskil,,
Turkey,Aksaray,Gülağaç,,
Turkey,Bayburt,Bayburt Merkez,,
Turkey,Bayburt,Aydıntepe,,
Turkey,Bayburt,Demirözü,,
Turkey,Karaman,Ermenek,,
Turkey,Karaman,Karaman Merkez,,
Turkey,Karaman,Ayrancı,,
Turkey,Karaman,Kazımkarabekir,,
Turkey,Karaman,Başyayla,,
Turkey,Karaman,Sarıveliler,,
Turkey,Kırıkkale,Delice,,
Turkey,Kırıkkale,Keskin,,
Turkey,Kırıkkale,Kırıkkale Merkez,,
Turkey,Kırıkkale,Sulakyurt,,
Turkey,Kırıkkale,Bahşili,,
Turkey,Kırıkkale,Balışeyh,,
Turkey,Kırıkkale,Çelebi,,
Turkey,Kırıkkale,Karakeçili,,
Turkey,Kırıkkale,Yahşihan,,
Turkey,Batman,Batman Merkez,,
Turkey,Batman,Beşiri,,
Turkey,Batman,Gercüş,,
Turkey,Batman,Kozluk,,
Turkey,Batman,Sason,,
Turkey,Batman,Hasankeyf,,
Turkey,Şırnak,Beytüşşebap,,
Turkey,Şırnak,Cizre,,
Turkey,Şırnak,İdil,,
Turkey,Şırnak,Silopi,,
Turkey,Şırnak,Şırnak Merkez,,
Turkey,Şırnak,Uludere,,
Turkey,Şırnak,Güçlükonak,,
Turkey,Bartın,Bartın Merkez,,
Turkey,Bartın,Kurucaşile,,
Turkey,Bartın,Ulus,,
Turkey,Bartın,Amasra,,
Turkey,Ardahan,Ardahan Merkez,,
Turkey,Ardahan,Çıldır,,
Turkey,Ardahan,Göle,,
Turkey,Ardahan,Hanak,,
Turkey,Ardahan,Posof,,
Turkey,Ardahan,Damal,,
Turkey,Iğdır,Aralık,,
Turkey,Iğdır,Iğdır Merkez,,
Turkey,Iğdır,Tuzluca,,
Turkey,Iğdır,Karakoyunlu,,
Turkey,Yalova,Yalova Merkez,,
Turkey,Yalova,Altınova,,
Turkey,Yalova,Armutlu,,
Turkey,Yalova,Çınarcık,,
Turkey,Yalova,Çiftlikköy,,
Turkey,Yalova,Termal,,
Turkey,Karabük,Eflani,,
Turkey,Karabük,Eskipazar,,
Turkey,Karabük,Karabük Merkez,,
Turkey,Karabük,Ovacık / Karabük,,
Turkey,Karabük,Safranbolu,,
Turkey,Karabük,Yenice / Karabük,,
Turkey,Kilis,Kilis Merkez,,
Turkey,Kilis,Elbeyli,,
Turkey,Kilis,Musabeyli,,
Turkey,Kilis,Polateli,,
Turkey,Osmaniye,Bahçe,,
Turkey,Osmaniye,Kadirli,,
Turkey,Osmaniye,Osmaniye Merkez,,
Turkey,Osmaniye,Düziçi,,
Turkey,Osmaniye,Hasanbeyli,,
Turkey,Osmaniye,Sumbas,,
Turkey,Osmaniye,Toprakkale,,
Turkey,Düzce,Akçakoca,,
Turkey,Düzce,Düzce Merkez,,
Turkey,Düzce,Yığılca,,
Turkey,Düzce,Cumayeri,,
Turkey,Düzce,Gölyaka,,
Turkey,Düzce,Çilimli,,
Turkey,Düzce,Gümüşova,,
Turkey,Düzce,Kaynaşlı,,